Property,Range,numAllStatements,numRVEStatements
http://dbpedia.org/ontology/compiler,http://dbpedia.org/ontology/Person,295.0,47.0
http://dbpedia.org/ontology/language,http://dbpedia.org/ontology/Language,108092.0,13614.0
http://dbpedia.org/ontology/creativeDirector,http://dbpedia.org/ontology/Person,371.0,81.0
http://dbpedia.org/ontology/nextMission,http://dbpedia.org/ontology/SpaceMission,0.0,0.0
http://dbpedia.org/ontology/supply,http://dbpedia.org/ontology/Place,0.0,0.0
http://dbpedia.org/ontology/musicBand,http://dbpedia.org/ontology/Band,0.0,0.0
http://dbpedia.org/ontology/closeTo,http://dbpedia.org/ontology/Place,0.0,0.0
http://dbpedia.org/ontology/gameArtist,http://dbpedia.org/ontology/Person,805.0,108.0
http://dbpedia.org/ontology/routeEnd,http://dbpedia.org/ontology/RouteOfTransportation,22006.0,17895.0
http://dbpedia.org/ontology/contest,http://dbpedia.org/ontology/Contest,0.0,0.0
http://dbpedia.org/ontology/openingTheme,http://dbpedia.org/ontology/Work,4655.0,3573.0
http://dbpedia.org/ontology/alpsSupergroup,http://dbpedia.org/ontology/MountainRange,0.0,0.0
http://dbpedia.org/ontology/boxerStyle,http://dbpedia.org/ontology/BoxingStyle,0.0,0.0
http://dbpedia.org/ontology/teamCoached,http://dbpedia.org/ontology/SportsTeam,0.0,0.0
http://dbpedia.org/ontology/nationality,http://dbpedia.org/ontology/Country,130523.0,21738.0
http://dbpedia.org/ontology/deathPlace,http://dbpedia.org/ontology/Place,406619.0,28799.0
http://dbpedia.org/ontology/amateurTeam,http://dbpedia.org/ontology/SportsTeam,0.0,0.0
http://dbpedia.org/ontology/leftChild,http://dbpedia.org/ontology/Island,2.0,2.0
http://dbpedia.org/ontology/prefecture,http://dbpedia.org/ontology/PopulatedPlace,0.0,0.0
http://dbpedia.org/ontology/sales,http://dbpedia.org/ontology/Sales,1983.0,0.0
http://dbpedia.org/ontology/targetAirport,http://dbpedia.org/ontology/Airport,2864.0,509.0
http://dbpedia.org/ontology/administrativeDistrict,http://dbpedia.org/ontology/PopulatedPlace,209.0,54.0
http://dbpedia.org/ontology/branchTo,http://dbpedia.org/ontology/AnatomicalStructure,393.0,18.0
http://dbpedia.org/ontology/chiefPlace,http://dbpedia.org/ontology/PopulatedPlace,0.0,0.0
http://dbpedia.org/ontology/translator,http://dbpedia.org/ontology/Person,1153.0,253.0
http://dbpedia.org/ontology/ncaaTeam,http://dbpedia.org/ontology/SportsTeam,0.0,0.0
http://dbpedia.org/ontology/aircraftAttack,http://dbpedia.org/ontology/MeanOfTransportation,775.0,3.0
http://dbpedia.org/ontology/secondDriver,http://dbpedia.org/ontology/Person,1341.0,31.0
http://dbpedia.org/ontology/alpsMainPart,http://dbpedia.org/ontology/MountainRange,0.0,0.0
http://dbpedia.org/ontology/incumbent,http://dbpedia.org/ontology/Person,96.0,3.0
http://dbpedia.org/ontology/diocese,http://dbpedia.org/ontology/Diocese,0.0,0.0
http://dbpedia.org/ontology/openingFilm,http://dbpedia.org/ontology/Film,183.0,6.0
http://dbpedia.org/ontology/narrator,http://dbpedia.org/ontology/Person,5203.0,328.0
http://dbpedia.org/ontology/performer,http://dbpedia.org/ontology/Person,0.0,0.0
http://dbpedia.org/ontology/firstAscentPerson,http://dbpedia.org/ontology/Person,894.0,173.0
http://dbpedia.org/ontology/afiAward,http://dbpedia.org/ontology/Award,0.0,0.0
http://dbpedia.org/ontology/setDesigner,http://dbpedia.org/ontology/Person,0.0,0.0
http://dbpedia.org/ontology/goldenGlobeAward,http://dbpedia.org/ontology/Award,0.0,0.0
http://dbpedia.org/ontology/religiousOrder,http://dbpedia.org/ontology/ClericalOrder,0.0,0.0
http://dbpedia.org/ontology/academyAward,http://dbpedia.org/ontology/Award,0.0,0.0
http://dbpedia.org/ontology/outflow,http://dbpedia.org/ontology/River,3582.0,1453.0
http://dbpedia.org/ontology/spokenIn,http://dbpedia.org/ontology/PopulatedPlace,16366.0,1710.0
http://dbpedia.org/ontology/collaboration,http://dbpedia.org/ontology/Person,0.0,0.0
http://dbpedia.org/ontology/commandant,http://dbpedia.org/ontology/Person,0.0,0.0
http://dbpedia.org/ontology/runningMate,http://dbpedia.org/ontology/Person,17.0,1.0
http://dbpedia.org/ontology/subsequentInfrastructure,http://dbpedia.org/ontology/Infrastructure,14.0,1.0
http://dbpedia.org/ontology/delegateMayor,http://dbpedia.org/ontology/Person,0.0,0.0
http://dbpedia.org/ontology/foundationPlace,http://dbpedia.org/ontology/City,13004.0,7640.0
http://dbpedia.org/ontology/owningCompany,http://dbpedia.org/ontology/Company,13345.0,4149.0
http://dbpedia.org/ontology/playerInTeam,http://dbpedia.org/ontology/Person,0.0,0.0
http://dbpedia.org/ontology/museum,http://dbpedia.org/ontology/Museum,3466.0,999.0
http://dbpedia.org/ontology/politicalLeader,http://dbpedia.org/ontology/PersonFunction,0.0,0.0
http://dbpedia.org/ontology/solventWithMediocreSolubility,http://dbpedia.org/ontology/ChemicalSubstance,0.0,0.0
http://dbpedia.org/ontology/owner,http://dbpedia.org/ontology/Agent,60352.0,12480.0
http://dbpedia.org/ontology/countryWithFirstSpaceflight,http://dbpedia.org/ontology/Country,10.0,0.0
http://dbpedia.org/ontology/currentLeague,http://dbpedia.org/ontology/SportsLeague,0.0,0.0
http://dbpedia.org/ontology/routeStartLocation,http://dbpedia.org/ontology/Place,238.0,46.0
http://dbpedia.org/ontology/musicSubgenre,http://dbpedia.org/ontology/MusicGenre,754.0,131.0
http://dbpedia.org/ontology/coverArtist,http://dbpedia.org/ontology/Person,4025.0,790.0
http://dbpedia.org/ontology/subsequentWork,http://dbpedia.org/ontology/Work,159732.0,9323.0
http://dbpedia.org/ontology/apcPresident,http://dbpedia.org/ontology/Person,0.0,0.0
http://dbpedia.org/ontology/prefect,http://dbpedia.org/ontology/Person,0.0,0.0
http://dbpedia.org/ontology/parliament,http://dbpedia.org/ontology/Organisation,0.0,0.0
http://dbpedia.org/ontology/soccerTournamentMostSuccesfull,http://dbpedia.org/ontology/SoccerClub,0.0,0.0
http://dbpedia.org/ontology/headOfFamily,http://dbpedia.org/ontology/Person,0.0,0.0
http://dbpedia.org/ontology/landeshauptmann,http://dbpedia.org/ontology/Person,0.0,0.0
http://dbpedia.org/ontology/twinCountry,http://dbpedia.org/ontology/Country,215.0,16.0
http://dbpedia.org/ontology/soccerTournamentLastChampion,http://dbpedia.org/ontology/SoccerClub,0.0,0.0
http://dbpedia.org/ontology/lake,http://dbpedia.org/ontology/BodyOfWater,2406.0,0.0
http://dbpedia.org/ontology/canonizedPlace,http://dbpedia.org/ontology/PopulatedPlace,495.0,24.0
http://dbpedia.org/ontology/managerClub,http://dbpedia.org/ontology/SportsTeam,60995.0,3340.0
http://dbpedia.org/ontology/olivierAward,http://dbpedia.org/ontology/Award,0.0,0.0
http://dbpedia.org/ontology/maidenFlightRocket,http://dbpedia.org/ontology/Rocket,200.0,21.0
http://dbpedia.org/ontology/locationCountry,http://dbpedia.org/ontology/Country,21851.0,923.0
http://dbpedia.org/ontology/screenActorsGuildAward,http://dbpedia.org/ontology/Award,0.0,0.0
http://dbpedia.org/ontology/sourceConfluenceCountry,http://dbpedia.org/ontology/Country,0.0,0.0
http://dbpedia.org/ontology/mergedSettlement,http://dbpedia.org/ontology/Settlement,0.0,0.0
http://dbpedia.org/ontology/pastor,http://dbpedia.org/ontology/Person,66.0,42.0
http://dbpedia.org/ontology/composer,http://dbpedia.org/ontology/Person,15116.0,1882.0
http://dbpedia.org/ontology/lastFlight,http://dbpedia.org/ontology/SpaceMission,6.0,6.0
http://dbpedia.org/ontology/wilaya,http://dbpedia.org/ontology/Place,0.0,0.0
http://dbpedia.org/ontology/aircraftElectronic,http://dbpedia.org/ontology/MeanOfTransportation,104.0,2.0
http://dbpedia.org/ontology/film,http://dbpedia.org/ontology/Film,28.0,18.0
http://dbpedia.org/ontology/associatedRocket,http://dbpedia.org/ontology/Rocket,65.0,29.0
http://dbpedia.org/ontology/vein,http://dbpedia.org/ontology/Vein,294.0,18.0
http://dbpedia.org/ontology/aircraftRecon,http://dbpedia.org/ontology/MeanOfTransportation,395.0,12.0
http://dbpedia.org/ontology/stateOfOrigin,http://dbpedia.org/ontology/Country,38461.0,8032.0
http://dbpedia.org/ontology/debutWork,http://dbpedia.org/ontology/Work,0.0,0.0
http://dbpedia.org/ontology/homeStadium,http://dbpedia.org/ontology/Stadium,7403.0,3788.0
http://dbpedia.org/ontology/plant,http://dbpedia.org/ontology/Plant,228.0,17.0
http://dbpedia.org/ontology/educationPlace,http://dbpedia.org/ontology/Place,0.0,0.0
http://dbpedia.org/ontology/student,http://dbpedia.org/ontology/Person,0.0,0.0
http://dbpedia.org/ontology/academicAdvisor,http://dbpedia.org/ontology/Person,1349.0,122.0
http://dbpedia.org/ontology/capitalRegion,http://dbpedia.org/ontology/PopulatedPlace,3.0,0.0
http://dbpedia.org/ontology/spacecraft,http://dbpedia.org/ontology/Spacecraft,0.0,0.0
http://dbpedia.org/ontology/hybrid,http://dbpedia.org/ontology/Plant,1925.0,115.0
http://dbpedia.org/ontology/presenter,http://dbpedia.org/ontology/Person,14597.0,3017.0
http://dbpedia.org/ontology/firstLaunchRocket,http://dbpedia.org/ontology/Rocket,2.0,0.0
http://dbpedia.org/ontology/superFamily,http://dbpedia.org/ontology/Taxon,0.0,0.0
http://dbpedia.org/ontology/subdivisionName,http://dbpedia.org/ontology/Place,0.0,0.0
http://dbpedia.org/ontology/created,http://dbpedia.org/ontology/Work,0.0,0.0
http://dbpedia.org/ontology/president,http://dbpedia.org/ontology/Person,16042.0,1215.0
http://dbpedia.org/ontology/bandMember,http://dbpedia.org/ontology/Person,28617.0,10361.0
http://dbpedia.org/ontology/elementAbove,http://dbpedia.org/ontology/ChemicalSubstance,0.0,0.0
http://dbpedia.org/ontology/previousMission,http://dbpedia.org/ontology/SpaceMission,0.0,0.0
http://dbpedia.org/ontology/animator,http://dbpedia.org/ontology/Agent,4419.0,1820.0
http://dbpedia.org/ontology/hubAirport,http://dbpedia.org/ontology/Airport,3800.0,320.0
http://dbpedia.org/ontology/showJudge,http://dbpedia.org/ontology/Person,2495.0,270.0
http://dbpedia.org/ontology/westPlace,http://dbpedia.org/ontology/Place,0.0,0.0
http://dbpedia.org/ontology/soccerLeagueRelegated,http://dbpedia.org/ontology/SportsTeam,0.0,0.0
http://dbpedia.org/ontology/largestSettlement,http://dbpedia.org/ontology/PopulatedPlace,80.0,11.0
http://dbpedia.org/ontology/reigningPope,http://dbpedia.org/ontology/Pope,0.0,0.0
http://dbpedia.org/ontology/jureLanguage,http://dbpedia.org/ontology/Language,0.0,0.0
http://dbpedia.org/ontology/trustee,http://dbpedia.org/ontology/Person,18.0,8.0
http://dbpedia.org/ontology/relative,http://dbpedia.org/ontology/Person,15834.0,1372.0
http://dbpedia.org/ontology/soccerLeaguePromoted,http://dbpedia.org/ontology/SportsTeam,0.0,0.0
http://dbpedia.org/ontology/languageRegulator,http://dbpedia.org/ontology/Language,233.0,190.0
http://dbpedia.org/ontology/flagBearer,http://dbpedia.org/ontology/Person,681.0,44.0
http://dbpedia.org/ontology/genre,http://dbpedia.org/ontology/Genre,576001.0,111696.0
http://dbpedia.org/ontology/familyMember,http://dbpedia.org/ontology/Person,0.0,0.0
http://dbpedia.org/ontology/cinematography,http://dbpedia.org/ontology/Person,45887.0,10130.0
http://dbpedia.org/ontology/riverBranchOf,http://dbpedia.org/ontology/River,39.0,30.0
http://dbpedia.org/ontology/superTribus,http://dbpedia.org/ontology/Species,0.0,0.0
http://dbpedia.org/ontology/highestState,http://dbpedia.org/ontology/PopulatedPlace,43.0,5.0
http://dbpedia.org/ontology/regionServed,http://dbpedia.org/ontology/Place,16506.0,1939.0
http://dbpedia.org/ontology/leaderFunction,http://dbpedia.org/ontology/PersonFunction,21598.0,0.0
http://dbpedia.org/ontology/raceHorse,http://dbpedia.org/ontology/RaceHorse,3964.0,838.0
http://dbpedia.org/ontology/relatedMeanOfTransportation,http://dbpedia.org/ontology/MeanOfTransportation,8905.0,527.0
http://dbpedia.org/ontology/jockey,http://dbpedia.org/ontology/Jockey,82.0,23.0
http://dbpedia.org/ontology/leadTeam,http://dbpedia.org/ontology/SportsTeam,0.0,0.0
http://dbpedia.org/ontology/enshrinedDeity,http://dbpedia.org/ontology/Deity,0.0,0.0
http://dbpedia.org/ontology/aircraftHelicopterMultirole,http://dbpedia.org/ontology/MeanOfTransportation,33.0,1.0
http://dbpedia.org/ontology/nationalTournament,http://dbpedia.org/ontology/Tournament,0.0,0.0
http://dbpedia.org/ontology/whaDraftTeam,http://dbpedia.org/ontology/HockeyTeam,349.0,0.0
http://dbpedia.org/ontology/teamManager,http://dbpedia.org/ontology/SportsTeam,0.0,0.0
http://dbpedia.org/ontology/nextEvent,http://dbpedia.org/ontology/Event,4237.0,787.0
http://dbpedia.org/ontology/derivative,http://dbpedia.org/ontology/MusicGenre,879.0,66.0
http://dbpedia.org/ontology/sourceRegion,http://dbpedia.org/ontology/PopulatedPlace,1252.0,263.0
http://dbpedia.org/ontology/associatedBand,http://dbpedia.org/ontology/Band,131347.0,62377.0
http://dbpedia.org/ontology/debutTeam,http://dbpedia.org/ontology/SportsTeam,24693.0,3356.0
http://dbpedia.org/ontology/viceChancellor,http://dbpedia.org/ontology/Person,423.0,176.0
http://dbpedia.org/ontology/precursor,http://dbpedia.org/ontology/Embryology,222.0,14.0
http://dbpedia.org/ontology/capitalCountry,http://dbpedia.org/ontology/Country,2.0,2.0
http://dbpedia.org/ontology/otherSportsExperience,http://dbpedia.org/ontology/Athletics,0.0,0.0
http://dbpedia.org/ontology/drama,http://dbpedia.org/ontology/Drama,0.0,0.0
http://dbpedia.org/ontology/thirdDriverCountry,http://dbpedia.org/ontology/Country,99.0,4.0
http://dbpedia.org/ontology/filmVersion,http://dbpedia.org/ontology/Film,0.0,0.0
http://dbpedia.org/ontology/administrativeCollectivity,http://dbpedia.org/ontology/PopulatedPlace,251.0,66.0
http://dbpedia.org/ontology/fundedBy,http://dbpedia.org/ontology/Organisation,0.0,0.0
http://dbpedia.org/ontology/mouthDistrict,http://dbpedia.org/ontology/PopulatedPlace,0.0,0.0
http://dbpedia.org/ontology/provost,http://dbpedia.org/ontology/Person,74.0,29.0
http://dbpedia.org/ontology/father,http://dbpedia.org/ontology/Person,0.0,0.0
http://dbpedia.org/ontology/grandsire,http://dbpedia.org/ontology/Animal,3280.0,320.0
http://dbpedia.org/ontology/magazine,http://dbpedia.org/ontology/Magazine,3541.0,311.0
http://dbpedia.org/ontology/followingEvent,http://dbpedia.org/ontology/Event,5278.0,399.0
http://dbpedia.org/ontology/aircraftTrainer,http://dbpedia.org/ontology/MeanOfTransportation,716.0,18.0
http://dbpedia.org/ontology/stateOfOriginTeam,http://dbpedia.org/ontology/SportsTeam,0.0,0.0
http://dbpedia.org/ontology/associatedMusicalArtist,http://dbpedia.org/ontology/MusicalArtist,131338.0,83487.0
http://dbpedia.org/ontology/associate,http://dbpedia.org/ontology/Person,3528.0,363.0
http://dbpedia.org/ontology/ideology,http://dbpedia.org/ontology/Ideology,15038.0,13304.0
http://dbpedia.org/ontology/originalStartPoint,http://dbpedia.org/ontology/Place,6.0,1.0
http://dbpedia.org/ontology/alongside,http://dbpedia.org/ontology/Person,0.0,0.0
http://dbpedia.org/ontology/creatorOfDish,http://dbpedia.org/ontology/Person,331.0,235.0
http://dbpedia.org/ontology/crewMember,http://dbpedia.org/ontology/Astronaut,0.0,0.0
http://dbpedia.org/ontology/nationalTeam,http://dbpedia.org/ontology/SportsTeam,4682.0,4627.0
http://dbpedia.org/ontology/homeArena,http://dbpedia.org/ontology/Arena,1072.0,931.0
http://dbpedia.org/ontology/countryWithFirstSatelliteLaunched,http://dbpedia.org/ontology/Country,11.0,1.0
http://dbpedia.org/ontology/lastWin,http://dbpedia.org/ontology/GrandPrix,91.0,8.0
http://dbpedia.org/ontology/lastRace,http://dbpedia.org/ontology/GrandPrix,766.0,76.0
http://dbpedia.org/ontology/dam,http://dbpedia.org/ontology/Animal,469.0,255.0
http://dbpedia.org/ontology/coachClub,http://dbpedia.org/ontology/SportsTeam,0.0,0.0
http://dbpedia.org/ontology/event,http://dbpedia.org/ontology/Event,861.0,693.0
http://dbpedia.org/ontology/soccerTournamentClosingSeason,http://dbpedia.org/ontology/SoccerTournament,0.0,0.0
http://dbpedia.org/ontology/intercommunality,http://dbpedia.org/ontology/PopulatedPlace,7847.0,7092.0
http://dbpedia.org/ontology/highestMountain,http://dbpedia.org/ontology/Mountain,79.0,61.0
http://dbpedia.org/ontology/biggestCity,http://dbpedia.org/ontology/PopulatedPlace,0.0,0.0
http://dbpedia.org/ontology/channel,http://dbpedia.org/ontology/Broadcaster,15282.0,1441.0
http://dbpedia.org/ontology/broadcastArea,http://dbpedia.org/ontology/PopulatedPlace,23827.0,3020.0
http://dbpedia.org/ontology/broadcastNetwork,http://dbpedia.org/ontology/BroadcastNetwork,12188.0,4648.0
http://dbpedia.org/ontology/chairperson,http://dbpedia.org/ontology/Person,286.0,99.0
http://dbpedia.org/ontology/unesco,http://dbpedia.org/ontology/PopulatedPlace,0.0,0.0
http://dbpedia.org/ontology/firstDriver,http://dbpedia.org/ontology/Person,10461.0,2002.0
http://dbpedia.org/ontology/provinceLink,http://dbpedia.org/ontology/Province,0.0,0.0
http://dbpedia.org/ontology/releaseLocation,http://dbpedia.org/ontology/Place,17.0,3.0
http://dbpedia.org/ontology/mother,http://dbpedia.org/ontology/Person,0.0,0.0
http://dbpedia.org/ontology/musicians,http://dbpedia.org/ontology/MusicalArtist,0.0,0.0
http://dbpedia.org/ontology/lastLaunchRocket,http://dbpedia.org/ontology/Rocket,2.0,0.0
http://dbpedia.org/ontology/aircraftHelicopterAttack,http://dbpedia.org/ontology/MeanOfTransportation,48.0,0.0
http://dbpedia.org/ontology/locationCity,http://dbpedia.org/ontology/City,27222.0,13459.0
http://dbpedia.org/ontology/secondCommander,http://dbpedia.org/ontology/Person,519.0,151.0
http://dbpedia.org/ontology/nextEntity,http://dbpedia.org/ontology/Place,0.0,0.0
http://dbpedia.org/ontology/entourage,http://dbpedia.org/ontology/Species,0.0,0.0
http://dbpedia.org/ontology/demographics,http://dbpedia.org/ontology/Demographics,0.0,0.0
http://dbpedia.org/ontology/hasAbsorbedMunicipality,http://dbpedia.org/ontology/FormerMunicipality,0.0,0.0
http://dbpedia.org/ontology/formerBandMember,http://dbpedia.org/ontology/Person,25944.0,6743.0
http://dbpedia.org/ontology/innervates,http://dbpedia.org/ontology/AnatomicalStructure,190.0,9.0
http://dbpedia.org/ontology/actingHeadteacher,http://dbpedia.org/ontology/Person,0.0,0.0
http://dbpedia.org/ontology/mouthCountry,http://dbpedia.org/ontology/Country,684.0,64.0
http://dbpedia.org/ontology/garrison,http://dbpedia.org/ontology/PopulatedPlace,10388.0,3713.0
http://dbpedia.org/ontology/geneLocation,http://dbpedia.org/ontology/GeneLocation,4.0,0.0
http://dbpedia.org/ontology/termPeriod,http://dbpedia.org/ontology/TimePeriod,148574.0,0.0
http://dbpedia.org/ontology/comic,http://dbpedia.org/ontology/Comic,0.0,0.0
http://dbpedia.org/ontology/inCemetery,http://dbpedia.org/ontology/Cemetery,0.0,0.0
http://dbpedia.org/ontology/rocket,http://dbpedia.org/ontology/Rocket,0.0,0.0
http://dbpedia.org/ontology/nominee,http://dbpedia.org/ontology/Person,31.0,24.0
http://dbpedia.org/ontology/generalCouncil,http://dbpedia.org/ontology/TermOfOffice,0.0,0.0
http://dbpedia.org/ontology/parish,http://dbpedia.org/ontology/PopulatedPlace,25.0,22.0
http://dbpedia.org/ontology/mergedIntoParty,http://dbpedia.org/ontology/PoliticalParty,800.0,70.0
http://dbpedia.org/ontology/silverMedalist,http://dbpedia.org/ontology/Person,6164.0,100.0
http://dbpedia.org/ontology/occupation,http://dbpedia.org/ontology/PersonFunction,335407.0,131730.0
http://dbpedia.org/ontology/border,http://dbpedia.org/ontology/PopulatedPlace,486.0,428.0
http://dbpedia.org/ontology/coachedTeam,http://dbpedia.org/ontology/SportsTeam,200.0,134.0
http://dbpedia.org/ontology/iftaAward,http://dbpedia.org/ontology/Award,0.0,0.0
http://dbpedia.org/ontology/patron,http://dbpedia.org/ontology/Person,244.0,89.0
http://dbpedia.org/ontology/sourcePlace,http://dbpedia.org/ontology/PopulatedPlace,6147.0,3405.0
http://dbpedia.org/ontology/residence,http://dbpedia.org/ontology/Place,69284.0,4523.0
http://dbpedia.org/ontology/lowestPlace,http://dbpedia.org/ontology/PopulatedPlace,166.0,128.0
http://dbpedia.org/ontology/polishFilmAward,http://dbpedia.org/ontology/Award,0.0,0.0
http://dbpedia.org/ontology/britishComedyAwards,http://dbpedia.org/ontology/Award,0.0,0.0
http://dbpedia.org/ontology/firstLeader,http://dbpedia.org/ontology/Person,3299.0,46.0
http://dbpedia.org/ontology/targetSpaceStation,http://dbpedia.org/ontology/SpaceStation,0.0,0.0
http://dbpedia.org/ontology/lchfDraftTeam,http://dbpedia.org/ontology/HockeyTeam,0.0,0.0
http://dbpedia.org/ontology/associationOfLocalGovernment,http://dbpedia.org/ontology/PopulatedPlace,568.0,152.0
http://dbpedia.org/ontology/placeOfWorship,http://dbpedia.org/ontology/Church,0.0,0.0
http://dbpedia.org/ontology/monarch,http://dbpedia.org/ontology/Person,6433.0,17.0
http://dbpedia.org/ontology/tvShow,http://dbpedia.org/ontology/TelevisionShow,0.0,0.0
http://dbpedia.org/ontology/taxon,http://dbpedia.org/ontology/Taxon,0.0,0.0
http://dbpedia.org/ontology/southEastPlace,http://dbpedia.org/ontology/Place,0.0,0.0
http://dbpedia.org/ontology/gaudiAward,http://dbpedia.org/ontology/Award,0.0,0.0
http://dbpedia.org/ontology/metropolitanBorough,http://dbpedia.org/ontology/PopulatedPlace,1463.0,3.0
http://dbpedia.org/ontology/newspaper,http://dbpedia.org/ontology/PeriodicalLiterature,0.0,0.0
http://dbpedia.org/ontology/restingPlace,http://dbpedia.org/ontology/Place,24384.0,7125.0
http://dbpedia.org/ontology/championInDoubleMale,http://dbpedia.org/ontology/Athlete,2038.0,23.0
http://dbpedia.org/ontology/thirdCommander,http://dbpedia.org/ontology/Person,173.0,72.0
http://dbpedia.org/ontology/northPlace,http://dbpedia.org/ontology/Place,0.0,0.0
http://dbpedia.org/ontology/countryWithFirstSatellite,http://dbpedia.org/ontology/Country,48.0,0.0
http://dbpedia.org/ontology/agglomerationArea,http://dbpedia.org/ontology/Area,0.0,0.0
http://dbpedia.org/ontology/shuttle,http://dbpedia.org/ontology/SpaceShuttle,0.0,0.0
http://dbpedia.org/ontology/artPatron,http://dbpedia.org/ontology/Artist,0.0,0.0
http://dbpedia.org/ontology/cemetery,http://dbpedia.org/ontology/Cemetery,0.0,0.0
http://dbpedia.org/ontology/shape,http://dbpedia.org/ontology/Community,0.0,0.0
http://dbpedia.org/ontology/organisationMember,http://dbpedia.org/ontology/OrganisationMember,0.0,0.0
http://dbpedia.org/ontology/prospectTeam,http://dbpedia.org/ontology/HockeyTeam,520.0,1.0
http://dbpedia.org/ontology/spokesperson,http://dbpedia.org/ontology/Person,122.0,42.0
http://dbpedia.org/ontology/oldTeamCoached,http://dbpedia.org/ontology/SportsTeam,0.0,0.0
http://dbpedia.org/ontology/northEastPlace,http://dbpedia.org/ontology/Place,0.0,0.0
http://dbpedia.org/ontology/regentOf,http://dbpedia.org/ontology/Monarch,0.0,0.0
http://dbpedia.org/ontology/originalLanguage,http://dbpedia.org/ontology/Language,454.0,16.0
http://dbpedia.org/ontology/formerBroadcastNetwork,http://dbpedia.org/ontology/BroadcastNetwork,4198.0,1245.0
http://dbpedia.org/ontology/launchSite,http://dbpedia.org/ontology/Building,548.0,351.0
http://dbpedia.org/ontology/closingFilm,http://dbpedia.org/ontology/Film,132.0,8.0
http://dbpedia.org/ontology/publisher,http://dbpedia.org/ontology/Agent,64929.0,8611.0
http://dbpedia.org/ontology/head,http://dbpedia.org/ontology/Person,1046.0,507.0
http://dbpedia.org/ontology/riverBranch,http://dbpedia.org/ontology/River,31.0,29.0
http://dbpedia.org/ontology/sisterNewspaper,http://dbpedia.org/ontology/Newspaper,918.0,132.0
http://dbpedia.org/ontology/arrondissement,http://dbpedia.org/ontology/PopulatedPlace,9435.0,5388.0
http://dbpedia.org/ontology/politicalMajority,http://dbpedia.org/ontology/PoliticalParty,0.0,0.0
http://dbpedia.org/ontology/wholeArea,http://dbpedia.org/ontology/Area,0.0,0.0
http://dbpedia.org/ontology/subprefecture,http://dbpedia.org/ontology/PopulatedPlace,0.0,0.0
http://dbpedia.org/ontology/raceTrack,http://dbpedia.org/ontology/RaceTrack,0.0,0.0
http://dbpedia.org/ontology/capital,http://dbpedia.org/ontology/City,5162.0,3141.0
http://dbpedia.org/ontology/alpsSubgroup,http://dbpedia.org/ontology/MountainRange,0.0,0.0
http://dbpedia.org/ontology/person,http://dbpedia.org/ontology/Person,5032.0,1660.0
http://dbpedia.org/ontology/part,http://dbpedia.org/ontology/Place,16892.0,2626.0
http://dbpedia.org/ontology/laurenceOlivierAward,http://dbpedia.org/ontology/Award,0.0,0.0
http://dbpedia.org/ontology/manufacturer,http://dbpedia.org/ontology/Organisation,35962.0,7023.0
http://dbpedia.org/ontology/county,http://dbpedia.org/ontology/PopulatedPlace,9337.0,327.0
http://dbpedia.org/ontology/saint,http://dbpedia.org/ontology/Saint,2013.0,369.0
http://dbpedia.org/ontology/draftTeam,http://dbpedia.org/ontology/SportsTeam,10294.0,576.0
http://dbpedia.org/ontology/capitalPlace,http://dbpedia.org/ontology/PopulatedPlace,1.0,0.0
http://dbpedia.org/ontology/firstDriverCountry,http://dbpedia.org/ontology/Country,98.0,6.0
http://dbpedia.org/ontology/fastestDriverTeam,http://dbpedia.org/ontology/SportsTeam,1313.0,156.0
http://dbpedia.org/ontology/alpsSubsection,http://dbpedia.org/ontology/MountainRange,0.0,0.0
http://dbpedia.org/ontology/competition,http://dbpedia.org/ontology/Event,0.0,0.0
http://dbpedia.org/ontology/sportCountry,http://dbpedia.org/ontology/Country,187.0,31.0
http://dbpedia.org/ontology/lyrics,http://dbpedia.org/ontology/Person,1983.0,197.0
http://dbpedia.org/ontology/district,http://dbpedia.org/ontology/PopulatedPlace,47332.0,5006.0
http://dbpedia.org/ontology/presentMunicipality,http://dbpedia.org/ontology/Municipality,0.0,0.0
http://dbpedia.org/ontology/rightTributary,http://dbpedia.org/ontology/River,3982.0,738.0
http://dbpedia.org/ontology/otherParty,http://dbpedia.org/ontology/PoliticalParty,3975.0,776.0
http://dbpedia.org/ontology/thirdTeam,http://dbpedia.org/ontology/SportsTeam,1322.0,175.0
http://dbpedia.org/ontology/coach,http://dbpedia.org/ontology/Person,24026.0,1968.0
http://dbpedia.org/ontology/placeOfBurial,http://dbpedia.org/ontology/Place,1402.0,354.0
http://dbpedia.org/ontology/animal,http://dbpedia.org/ontology/Animal,279.0,98.0
http://dbpedia.org/ontology/coProducer,http://dbpedia.org/ontology/Person,0.0,0.0
http://dbpedia.org/ontology/crew,http://dbpedia.org/ontology/SpaceMission,0.0,0.0
http://dbpedia.org/ontology/automobilePlatform,http://dbpedia.org/ontology/Automobile,1796.0,750.0
http://dbpedia.org/ontology/startPoint,http://dbpedia.org/ontology/Place,221.0,23.0
http://dbpedia.org/ontology/previousEditor,http://dbpedia.org/ontology/Person,305.0,68.0
http://dbpedia.org/ontology/sourceMountain,http://dbpedia.org/ontology/Mountain,6147.0,5139.0
http://dbpedia.org/ontology/settlementAttached,http://dbpedia.org/ontology/Place,0.0,0.0
http://dbpedia.org/ontology/colour,http://dbpedia.org/ontology/Colour,7638.0,3533.0
http://dbpedia.org/ontology/previousPopulation,http://dbpedia.org/ontology/Population,0.0,0.0
http://dbpedia.org/ontology/locomotive,http://dbpedia.org/ontology/Locomotive,0.0,0.0
http://dbpedia.org/ontology/projectCoordinator,http://dbpedia.org/ontology/Organisation,8.0,3.0
http://dbpedia.org/ontology/governmentCountry,http://dbpedia.org/ontology/Country,4.0,3.0
http://dbpedia.org/ontology/isPartOfWineRegion,http://dbpedia.org/ontology/WineRegion,526.0,53.0
http://dbpedia.org/ontology/soundRecording,http://dbpedia.org/ontology/Sound,10943.0,0.0
http://dbpedia.org/ontology/canton,http://dbpedia.org/ontology/Settlement,8875.0,6419.0
http://dbpedia.org/ontology/isRouteStop,http://dbpedia.org/ontology/RouteStop,0.0,0.0
http://dbpedia.org/ontology/olympicOathSwornByJudge,http://dbpedia.org/ontology/Person,0.0,0.0
http://dbpedia.org/ontology/photographer,http://dbpedia.org/ontology/Person,457.0,106.0
http://dbpedia.org/ontology/endPoint,http://dbpedia.org/ontology/Place,217.0,33.0
http://dbpedia.org/ontology/emmyAward,http://dbpedia.org/ontology/Award,0.0,0.0
http://dbpedia.org/ontology/sea,http://dbpedia.org/ontology/Sea,0.0,0.0
http://dbpedia.org/ontology/aircraftPatrol,http://dbpedia.org/ontology/MeanOfTransportation,552.0,3.0
http://dbpedia.org/ontology/alpsMajorSector,http://dbpedia.org/ontology/MountainRange,0.0,0.0
http://dbpedia.org/ontology/curator,http://dbpedia.org/ontology/Person,65.0,36.0
http://dbpedia.org/ontology/manager,http://dbpedia.org/ontology/Person,17247.0,2547.0
http://dbpedia.org/ontology/memberOfParliament,http://dbpedia.org/ontology/Person,0.0,0.0
http://dbpedia.org/ontology/continent,http://dbpedia.org/ontology/Continent,0.0,0.0
http://dbpedia.org/ontology/managementMountain,http://dbpedia.org/ontology/Mountain,46.0,42.0
http://dbpedia.org/ontology/competitionTitle,http://dbpedia.org/ontology/SportsEvent,0.0,0.0
http://dbpedia.org/ontology/storyEditor,http://dbpedia.org/ontology/Person,0.0,0.0
http://dbpedia.org/ontology/novel,http://dbpedia.org/ontology/Novel,0.0,0.0
http://dbpedia.org/ontology/species,http://dbpedia.org/ontology/Species,3310.0,1066.0
http://dbpedia.org/ontology/geolocDepartment,http://dbpedia.org/ontology/PopulatedPlace,0.0,0.0
http://dbpedia.org/ontology/primeMinister,http://dbpedia.org/ontology/Person,14012.0,113.0
http://dbpedia.org/ontology/primogenitor,http://dbpedia.org/ontology/Person,0.0,0.0
http://dbpedia.org/ontology/mission,http://dbpedia.org/ontology/SpaceMission,1501.0,1469.0
http://dbpedia.org/ontology/mainIsland,http://dbpedia.org/ontology/Place,0.0,0.0
http://dbpedia.org/ontology/jointCommunity,http://dbpedia.org/ontology/PopulatedPlace,136.0,79.0
http://dbpedia.org/ontology/officerInCharge,http://dbpedia.org/ontology/Person,19.0,9.0
http://dbpedia.org/ontology/league,http://dbpedia.org/ontology/SportsLeague,45411.0,6907.0
http://dbpedia.org/ontology/athleticsDiscipline,http://dbpedia.org/ontology/Athletics,0.0,0.0
http://dbpedia.org/ontology/origo,http://dbpedia.org/ontology/AnatomicalStructure,0.0,0.0
http://dbpedia.org/ontology/foundedBy,http://dbpedia.org/ontology/Agent,12895.0,4987.0
http://dbpedia.org/ontology/usingCountry,http://dbpedia.org/ontology/Country,457.0,59.0
http://dbpedia.org/ontology/caterer,http://dbpedia.org/ontology/Caterer,0.0,0.0
http://dbpedia.org/ontology/subTribus,http://dbpedia.org/ontology/Species,0.0,0.0
http://dbpedia.org/ontology/usurper,http://dbpedia.org/ontology/Person,0.0,0.0
http://dbpedia.org/ontology/thumbnail,http://dbpedia.org/ontology/Image,1695460.0,0.0
http://dbpedia.org/ontology/lastFamilyMember,http://dbpedia.org/ontology/Person,0.0,0.0
http://dbpedia.org/ontology/routeStart,http://dbpedia.org/ontology/RouteOfTransportation,22583.0,18323.0
http://dbpedia.org/ontology/architectualBureau,http://dbpedia.org/ontology/Company,0.0,0.0
http://dbpedia.org/ontology/ethnicity,http://dbpedia.org/ontology/EthnicGroup,8322.0,1035.0
http://dbpedia.org/ontology/federation,http://dbpedia.org/ontology/Organisation,0.0,0.0
http://dbpedia.org/ontology/secondPopularVote,http://dbpedia.org/ontology/Person,31.0,27.0
http://dbpedia.org/ontology/opponent,http://dbpedia.org/ontology/Person,263.0,34.0
http://dbpedia.org/ontology/chiefEditor,http://dbpedia.org/ontology/Person,182.0,71.0
http://dbpedia.org/ontology/eastPlace,http://dbpedia.org/ontology/Place,0.0,0.0
http://dbpedia.org/ontology/associateEditor,http://dbpedia.org/ontology/Person,19.0,12.0
http://dbpedia.org/ontology/federalState,http://dbpedia.org/ontology/PopulatedPlace,4619.0,2.0
http://dbpedia.org/ontology/twinTown,http://dbpedia.org/ontology/Settlement,626.0,44.0
http://dbpedia.org/ontology/wagon,http://dbpedia.org/ontology/TrainCarriage,0.0,0.0
http://dbpedia.org/ontology/goldenCalfAward,http://dbpedia.org/ontology/Award,0.0,0.0
http://dbpedia.org/ontology/shipCrew,http://dbpedia.org/ontology/Person,0.0,0.0
http://dbpedia.org/ontology/retiredRocket,http://dbpedia.org/ontology/Rocket,129.0,18.0
http://dbpedia.org/ontology/southWestPlace,http://dbpedia.org/ontology/Place,0.0,0.0
http://dbpedia.org/ontology/aircraftFighter,http://dbpedia.org/ontology/MeanOfTransportation,1358.0,9.0
http://dbpedia.org/ontology/launchPad,http://dbpedia.org/ontology/LaunchPad,0.0,0.0
http://dbpedia.org/ontology/chaplain,http://dbpedia.org/ontology/Person,21.0,13.0
http://dbpedia.org/ontology/mouthRegion,http://dbpedia.org/ontology/PopulatedPlace,1046.0,187.0
http://dbpedia.org/ontology/land,http://dbpedia.org/ontology/Place,0.0,0.0
http://dbpedia.org/ontology/rightChild,http://dbpedia.org/ontology/Island,1.0,1.0
http://dbpedia.org/ontology/soccerTournamentThisSeason,http://dbpedia.org/ontology/SoccerTournament,0.0,0.0
http://dbpedia.org/ontology/nationalFilmAward,http://dbpedia.org/ontology/Award,0.0,0.0
http://dbpedia.org/ontology/breeder,http://dbpedia.org/ontology/Person,1855.0,755.0
http://dbpedia.org/ontology/musicFusionGenre,http://dbpedia.org/ontology/MusicGenre,648.0,40.0
http://dbpedia.org/ontology/musicalBand,http://dbpedia.org/ontology/Band,56270.0,30414.0
http://dbpedia.org/ontology/boxerCategory,http://dbpedia.org/ontology/BoxingCategory,0.0,0.0
http://dbpedia.org/ontology/goldMedalist,http://dbpedia.org/ontology/Person,6297.0,77.0
http://dbpedia.org/ontology/secondTeam,http://dbpedia.org/ontology/SportsTeam,1322.0,178.0
http://dbpedia.org/ontology/director,http://dbpedia.org/ontology/Person,124582.0,14585.0
http://dbpedia.org/ontology/oldDistrict,http://dbpedia.org/ontology/PopulatedPlace,0.0,0.0
http://dbpedia.org/ontology/olympicOathSwornBy,http://dbpedia.org/ontology/Person,0.0,0.0
http://dbpedia.org/ontology/prospectLeague,http://dbpedia.org/ontology/SportsLeague,754.0,4.0
http://dbpedia.org/ontology/basedOn,http://dbpedia.org/ontology/Work,4378.0,2781.0
http://dbpedia.org/ontology/municipalityAbsorbedBy,http://dbpedia.org/ontology/Municipality,0.0,0.0
http://dbpedia.org/ontology/show,http://dbpedia.org/ontology/TelevisionShow,2.0,0.0
http://dbpedia.org/ontology/sourceConfluenceState,http://dbpedia.org/ontology/PopulatedPlace,31.0,0.0
http://dbpedia.org/ontology/previousDemographics,http://dbpedia.org/ontology/Demographics,0.0,0.0
http://dbpedia.org/ontology/sport,http://dbpedia.org/ontology/Sport,5873.0,870.0
http://dbpedia.org/ontology/place,http://dbpedia.org/ontology/PopulatedPlace,25904.0,5197.0
http://dbpedia.org/ontology/mentor,http://dbpedia.org/ontology/Artist,0.0,0.0
http://dbpedia.org/ontology/championInSingle,http://dbpedia.org/ontology/Athlete,0.0,0.0
http://dbpedia.org/ontology/spacestation,http://dbpedia.org/ontology/SpaceStation,0.0,0.0
http://dbpedia.org/ontology/highestRegion,http://dbpedia.org/ontology/PopulatedPlace,34.0,4.0
http://dbpedia.org/ontology/sourceState,http://dbpedia.org/ontology/PopulatedPlace,0.0,0.0
http://dbpedia.org/ontology/principalEngineer,http://dbpedia.org/ontology/Person,92.0,6.0
http://dbpedia.org/ontology/parentMountainPeak,http://dbpedia.org/ontology/Mountain,2506.0,137.0
http://dbpedia.org/ontology/torchBearer,http://dbpedia.org/ontology/Person,0.0,0.0
http://dbpedia.org/ontology/usedInWar,http://dbpedia.org/ontology/MilitaryConflict,4836.0,610.0
http://dbpedia.org/ontology/americanComedyAward,http://dbpedia.org/ontology/Award,0.0,0.0
http://dbpedia.org/ontology/viceLeader,http://dbpedia.org/ontology/Person,0.0,0.0
http://dbpedia.org/ontology/commander,http://dbpedia.org/ontology/Person,48960.0,6965.0
http://dbpedia.org/ontology/sovereignCountry,http://dbpedia.org/ontology/PopulatedPlace,0.0,0.0
http://dbpedia.org/ontology/baftaAward,http://dbpedia.org/ontology/Award,0.0,0.0
http://dbpedia.org/ontology/project,http://dbpedia.org/ontology/Project,0.0,0.0
http://dbpedia.org/ontology/championInSingleMale,http://dbpedia.org/ontology/Athlete,1023.0,1.0
http://dbpedia.org/ontology/leaderName,http://dbpedia.org/ontology/Person,17738.0,7647.0
http://dbpedia.org/ontology/institution,http://dbpedia.org/ontology/Organisation,2264.0,267.0
http://dbpedia.org/ontology/patronSaint,http://dbpedia.org/ontology/Person,0.0,0.0
http://dbpedia.org/ontology/superintendent,http://dbpedia.org/ontology/Person,43.0,30.0
http://dbpedia.org/ontology/sourceDistrict,http://dbpedia.org/ontology/PopulatedPlace,0.0,0.0
http://dbpedia.org/ontology/editing,http://dbpedia.org/ontology/Person,31126.0,9324.0
http://dbpedia.org/ontology/mayor,http://dbpedia.org/ontology/Mayor,943.0,764.0
http://dbpedia.org/ontology/careerStation,http://dbpedia.org/ontology/CareerStation,977021.0,0.0
http://dbpedia.org/ontology/aircraftBomber,http://dbpedia.org/ontology/MeanOfTransportation,377.0,1.0
http://dbpedia.org/ontology/horseRidingDiscipline,http://dbpedia.org/ontology/HorseRiding,0.0,0.0
http://dbpedia.org/ontology/commune,http://dbpedia.org/ontology/Settlement,0.0,0.0
http://dbpedia.org/ontology/mainFamilyBranch,http://dbpedia.org/ontology/Family,0.0,0.0
http://dbpedia.org/ontology/recordLabel,http://dbpedia.org/ontology/RecordLabel,282756.0,63195.0
http://dbpedia.org/ontology/heir,http://dbpedia.org/ontology/Person,1.0,1.0
http://dbpedia.org/ontology/sourceConfluenceMountain,http://dbpedia.org/ontology/Mountain,205.0,182.0
http://dbpedia.org/ontology/bird,http://dbpedia.org/ontology/Species,0.0,0.0
http://dbpedia.org/ontology/aircraftInterceptor,http://dbpedia.org/ontology/MeanOfTransportation,51.0,0.0
http://dbpedia.org/ontology/naacpImageAward,http://dbpedia.org/ontology/Award,0.0,0.0
http://dbpedia.org/ontology/previousWork,http://dbpedia.org/ontology/Work,158200.0,7845.0
http://dbpedia.org/ontology/fastestDriverCountry,http://dbpedia.org/ontology/Country,80.0,3.0
http://dbpedia.org/ontology/owningOrganisation,http://dbpedia.org/ontology/Organisation,13186.0,822.0
http://dbpedia.org/ontology/currentPartner,http://dbpedia.org/ontology/Person,630.0,46.0
http://dbpedia.org/ontology/grammyAward,http://dbpedia.org/ontology/Award,0.0,0.0
http://dbpedia.org/ontology/ceo,http://dbpedia.org/ontology/Person,96.0,44.0
http://dbpedia.org/ontology/orthologousGene,http://dbpedia.org/ontology/Gene,2.0,0.0
http://dbpedia.org/ontology/militaryUnit,http://dbpedia.org/ontology/MilitaryUnit,16881.0,2753.0
http://dbpedia.org/ontology/isPartOfMilitaryConflict,http://dbpedia.org/ontology/MilitaryConflict,13357.0,1844.0
http://dbpedia.org/ontology/designer,http://dbpedia.org/ontology/Person,10597.0,3362.0
http://dbpedia.org/ontology/highestPoint,http://dbpedia.org/ontology/Place,0.0,0.0
http://dbpedia.org/ontology/headteacher,http://dbpedia.org/ontology/Person,2.0,2.0
http://dbpedia.org/ontology/colleague,http://dbpedia.org/ontology/Person,0.0,0.0
http://dbpedia.org/ontology/damsire,http://dbpedia.org/ontology/Animal,2509.0,479.0
http://dbpedia.org/ontology/presidentRegionalCouncil,http://dbpedia.org/ontology/Person,0.0,0.0
http://dbpedia.org/ontology/projectParticipant,http://dbpedia.org/ontology/Organisation,82.0,51.0
http://dbpedia.org/ontology/capitalMountain,http://dbpedia.org/ontology/Mountain,1.0,1.0
http://dbpedia.org/ontology/filmFareAward,http://dbpedia.org/ontology/Award,0.0,0.0
http://dbpedia.org/ontology/reffBourgmestre,http://dbpedia.org/ontology/Person,0.0,0.0
http://dbpedia.org/ontology/hasInsidePlace,http://dbpedia.org/ontology/Place,0.0,0.0
http://dbpedia.org/ontology/soccerTournamentOpeningSeason,http://dbpedia.org/ontology/SoccerTournament,0.0,0.0
http://dbpedia.org/ontology/systemOfLaw,http://dbpedia.org/ontology/SystemOfLaw,0.0,0.0
http://dbpedia.org/ontology/mouthMountain,http://dbpedia.org/ontology/Mountain,15489.0,13775.0
http://dbpedia.org/ontology/grossDomesticProductPurchasingPowerParityPerCapita,http://dbpedia.org/ontology/GrossDomesticProductPerCapita,0.0,0.0
http://dbpedia.org/ontology/notableWork,http://dbpedia.org/ontology/Work,6833.0,2325.0
http://dbpedia.org/ontology/otherMedia,http://dbpedia.org/ontology/PeriodicalLiterature,0.0,0.0
http://dbpedia.org/ontology/race,http://dbpedia.org/ontology/Race,31133.0,2661.0
http://dbpedia.org/ontology/arielAward,http://dbpedia.org/ontology/Award,0.0,0.0
http://dbpedia.org/ontology/managementRegion,http://dbpedia.org/ontology/PopulatedPlace,0.0,0.0
http://dbpedia.org/ontology/location,http://dbpedia.org/ontology/Place,413893.0,44887.0
http://dbpedia.org/ontology/meetingRoad,http://dbpedia.org/ontology/Road,161.0,44.0
http://dbpedia.org/ontology/island,http://dbpedia.org/ontology/Island,560.0,300.0
http://dbpedia.org/ontology/routeNext,http://dbpedia.org/ontology/RouteStop,0.0,0.0
http://dbpedia.org/ontology/makeupArtist,http://dbpedia.org/ontology/Person,0.0,0.0
http://dbpedia.org/ontology/chairman,http://dbpedia.org/ontology/Person,6994.0,2551.0
http://dbpedia.org/ontology/aircraftTransport,http://dbpedia.org/ontology/MeanOfTransportation,889.0,13.0
http://dbpedia.org/ontology/hometown,http://dbpedia.org/ontology/Settlement,93101.0,43084.0
http://dbpedia.org/ontology/cultivatedVariety,http://dbpedia.org/ontology/CultivatedVariety,19.0,17.0
http://dbpedia.org/ontology/fillingStation,http://dbpedia.org/ontology/FillingStation,0.0,0.0
http://dbpedia.org/ontology/currentWorldChampion,http://dbpedia.org/ontology/Agent,0.0,0.0
http://dbpedia.org/ontology/lowestMountain,http://dbpedia.org/ontology/Mountain,133.0,129.0
http://dbpedia.org/ontology/sheading,http://dbpedia.org/ontology/PopulatedPlace,29.0,29.0
http://dbpedia.org/ontology/team,http://dbpedia.org/ontology/SportsTeam,2007122.0,90650.0
http://dbpedia.org/ontology/championInDouble,http://dbpedia.org/ontology/Athlete,0.0,0.0
http://dbpedia.org/ontology/formerHighschool,http://dbpedia.org/ontology/EducationalInstitution,14.0,5.0
http://dbpedia.org/ontology/taoiseach,http://dbpedia.org/ontology/Person,160.0,0.0
http://dbpedia.org/ontology/medalist,http://dbpedia.org/ontology/Person,0.0,0.0
http://dbpedia.org/ontology/agglomeration,http://dbpedia.org/ontology/Agglomeration,0.0,0.0
http://dbpedia.org/ontology/copilote,http://dbpedia.org/ontology/Person,0.0,0.0
http://dbpedia.org/ontology/linkedTo,http://dbpedia.org/ontology/Place,0.0,0.0
http://dbpedia.org/ontology/discoverer,http://dbpedia.org/ontology/Person,3756.0,413.0
http://dbpedia.org/ontology/locatedInArea,http://dbpedia.org/ontology/Place,48899.0,9715.0
http://dbpedia.org/ontology/choreographer,http://dbpedia.org/ontology/Person,909.0,114.0
http://dbpedia.org/ontology/musicBy,http://dbpedia.org/ontology/Person,1494.0,146.0
http://dbpedia.org/ontology/dubber,http://dbpedia.org/ontology/Person,0.0,0.0
http://dbpedia.org/ontology/country,http://dbpedia.org/ontology/Country,769223.0,48212.0
http://dbpedia.org/ontology/coemperor,http://dbpedia.org/ontology/Monarch,0.0,0.0
http://dbpedia.org/ontology/currentMember,http://dbpedia.org/ontology/Person,318768.0,84516.0
http://dbpedia.org/ontology/writer,http://dbpedia.org/ontology/Person,200969.0,27273.0
http://dbpedia.org/ontology/parentOrganisation,http://dbpedia.org/ontology/Organisation,3335.0,657.0
http://dbpedia.org/ontology/distributingLabel,http://dbpedia.org/ontology/RecordLabel,1796.0,730.0
http://dbpedia.org/ontology/landingVehicle,http://dbpedia.org/ontology/SpaceMission,0.0,0.0
http://dbpedia.org/ontology/southPlace,http://dbpedia.org/ontology/Place,0.0,0.0
http://dbpedia.org/ontology/party,http://dbpedia.org/ontology/PoliticalParty,88099.0,9648.0
http://dbpedia.org/ontology/branchFrom,http://dbpedia.org/ontology/AnatomicalStructure,572.0,11.0
http://dbpedia.org/ontology/splitFromParty,http://dbpedia.org/ontology/PoliticalParty,887.0,58.0
http://dbpedia.org/ontology/isPartOfAnatomicalStructure,http://dbpedia.org/ontology/AnatomicalStructure,95.0,4.0
http://dbpedia.org/ontology/regionalCouncil,http://dbpedia.org/ontology/TermOfOffice,0.0,0.0
http://dbpedia.org/ontology/champion,http://dbpedia.org/ontology/Athlete,1505.0,108.0
http://dbpedia.org/ontology/lowestState,http://dbpedia.org/ontology/PopulatedPlace,18.0,2.0
http://dbpedia.org/ontology/parentCompany,http://dbpedia.org/ontology/Company,12213.0,1580.0
http://dbpedia.org/ontology/partner,http://dbpedia.org/ontology/Person,1668.0,109.0
http://dbpedia.org/ontology/worldTournament,http://dbpedia.org/ontology/Tournament,0.0,0.0
http://dbpedia.org/ontology/viceLeaderParty,http://dbpedia.org/ontology/PoliticalParty,0.0,0.0
http://dbpedia.org/ontology/tenant,http://dbpedia.org/ontology/Organisation,11149.0,3220.0
http://dbpedia.org/ontology/firstFlight,http://dbpedia.org/ontology/SpaceMission,6.0,6.0
http://dbpedia.org/ontology/hasAnnotation,http://dbpedia.org/ontology/Annotation,0.0,0.0
http://dbpedia.org/ontology/territory,http://dbpedia.org/ontology/PopulatedPlace,2799.0,523.0
http://dbpedia.org/ontology/namedByLanguage,http://dbpedia.org/ontology/Place,0.0,0.0
http://dbpedia.org/ontology/juniorTeam,http://dbpedia.org/ontology/SportsTeam,0.0,0.0
http://dbpedia.org/ontology/majorIsland,http://dbpedia.org/ontology/Island,629.0,235.0
http://dbpedia.org/ontology/firstPopularVote,http://dbpedia.org/ontology/Person,21.0,14.0
http://dbpedia.org/ontology/keyPerson,http://dbpedia.org/ontology/Person,32206.0,14272.0
http://dbpedia.org/ontology/sportSpecialty,http://dbpedia.org/ontology/Sport,0.0,0.0
http://dbpedia.org/ontology/family,http://dbpedia.org/ontology/Species,397277.0,70498.0
http://dbpedia.org/ontology/award,http://dbpedia.org/ontology/Award,90933.0,61689.0
http://dbpedia.org/ontology/attorneyGeneral,http://dbpedia.org/ontology/Person,0.0,0.0
http://dbpedia.org/ontology/productionCompany,http://dbpedia.org/ontology/Company,0.0,0.0
http://dbpedia.org/ontology/borough,http://dbpedia.org/ontology/PopulatedPlace,376.0,148.0
http://dbpedia.org/ontology/founder,http://dbpedia.org/ontology/Person,1574.0,377.0
http://dbpedia.org/ontology/vehicle,http://dbpedia.org/ontology/Automobile,185.0,9.0
http://dbpedia.org/ontology/origin,http://dbpedia.org/ontology/PopulatedPlace,11211.0,297.0
http://dbpedia.org/ontology/musicComposer,http://dbpedia.org/ontology/MusicalArtist,68814.0,33724.0
http://dbpedia.org/ontology/generalManager,http://dbpedia.org/ontology/Person,32.0,1.0
http://dbpedia.org/ontology/executiveHeadteacher,http://dbpedia.org/ontology/Person,0.0,0.0
http://dbpedia.org/ontology/soccerLeagueWinner,http://dbpedia.org/ontology/SportsTeam,0.0,0.0
http://dbpedia.org/ontology/distributor,http://dbpedia.org/ontology/Organisation,68036.0,9990.0
http://dbpedia.org/ontology/beatifiedBy,http://dbpedia.org/ontology/Person,954.0,21.0
http://dbpedia.org/ontology/olympicOathSwornByAthlete,http://dbpedia.org/ontology/Person,0.0,0.0
http://dbpedia.org/ontology/bourgmestre,http://dbpedia.org/ontology/Person,0.0,0.0
http://dbpedia.org/ontology/firstWinner,http://dbpedia.org/ontology/Person,59.0,11.0
http://dbpedia.org/ontology/notableCommander,http://dbpedia.org/ontology/Person,6756.0,993.0
http://dbpedia.org/ontology/sisterStation,http://dbpedia.org/ontology/Broadcaster,37969.0,1059.0
http://dbpedia.org/ontology/beatifiedPlace,http://dbpedia.org/ontology/PopulatedPlace,1239.0,56.0
http://dbpedia.org/ontology/march,http://dbpedia.org/ontology/MusicalWork,388.0,306.0
http://dbpedia.org/ontology/nerve,http://dbpedia.org/ontology/Nerve,534.0,34.0
http://dbpedia.org/ontology/routeJunction,http://dbpedia.org/ontology/RouteOfTransportation,30513.0,21325.0
http://dbpedia.org/ontology/championInMixedDouble,http://dbpedia.org/ontology/Athlete,55.0,0.0
http://dbpedia.org/ontology/soccerTournamentMostSteady,http://dbpedia.org/ontology/SoccerClub,0.0,0.0
http://dbpedia.org/ontology/alpsSection,http://dbpedia.org/ontology/MountainRange,0.0,0.0
http://dbpedia.org/ontology/otherAppearances,http://dbpedia.org/ontology/OlympicResult,0.0,0.0
http://dbpedia.org/ontology/vicePresident,http://dbpedia.org/ontology/Person,1005.0,115.0
http://dbpedia.org/ontology/agglomerationPopulation,http://dbpedia.org/ontology/Population,0.0,0.0
http://dbpedia.org/ontology/friend,http://dbpedia.org/ontology/Person,0.0,0.0
http://dbpedia.org/ontology/lieutenancyArea,http://dbpedia.org/ontology/PopulatedPlace,1613.0,1089.0
http://dbpedia.org/ontology/soccerLeagueSeason,http://dbpedia.org/ontology/SoccerLeagueSeason,0.0,0.0
http://dbpedia.org/ontology/ceremonialCounty,http://dbpedia.org/ontology/PopulatedPlace,5289.0,927.0
http://dbpedia.org/ontology/appointer,http://dbpedia.org/ontology/Person,1618.0,50.0
http://dbpedia.org/ontology/relation,http://dbpedia.org/ontology/Person,9368.0,729.0
http://dbpedia.org/ontology/bronzeMedalist,http://dbpedia.org/ontology/Person,5988.0,97.0
http://dbpedia.org/ontology/announcedFrom,http://dbpedia.org/ontology/Place,0.0,0.0
http://dbpedia.org/ontology/highschool,http://dbpedia.org/ontology/School,6491.0,461.0
http://dbpedia.org/ontology/city,http://dbpedia.org/ontology/City,112483.0,57376.0
http://dbpedia.org/ontology/mouthPlace,http://dbpedia.org/ontology/PopulatedPlace,15489.0,8654.0
http://dbpedia.org/ontology/homeport,http://dbpedia.org/ontology/Place,2480.0,162.0
http://dbpedia.org/ontology/supplies,http://dbpedia.org/ontology/AnatomicalStructure,260.0,17.0
http://dbpedia.org/ontology/comparable,http://dbpedia.org/ontology/Rocket,73.0,8.0
http://dbpedia.org/ontology/subregion,http://dbpedia.org/ontology/Place,438.0,48.0
http://dbpedia.org/ontology/mainCharacter,http://dbpedia.org/ontology/Person,0.0,0.0
http://dbpedia.org/ontology/starring,http://dbpedia.org/ontology/Actor,422637.0,383782.0
http://dbpedia.org/ontology/managementCountry,http://dbpedia.org/ontology/Country,0.0,0.0
http://dbpedia.org/ontology/participatingIn,http://dbpedia.org/ontology/SocietalEvent,0.0,0.0
http://dbpedia.org/ontology/originalEndPoint,http://dbpedia.org/ontology/Place,3.0,0.0
http://dbpedia.org/ontology/cesarAward,http://dbpedia.org/ontology/Award,0.0,0.0
http://dbpedia.org/ontology/riverMouth,http://dbpedia.org/ontology/BodyOfWater,13723.0,1386.0
http://dbpedia.org/ontology/drainsTo,http://dbpedia.org/ontology/AnatomicalStructure,260.0,6.0
http://dbpedia.org/ontology/governmentType,http://dbpedia.org/ontology/GovernmentType,11767.0,7656.0
http://dbpedia.org/ontology/governingBody,http://dbpedia.org/ontology/Organisation,6181.0,3962.0
http://dbpedia.org/ontology/destination,http://dbpedia.org/ontology/PopulatedPlace,771.0,182.0
http://dbpedia.org/ontology/organ,http://dbpedia.org/ontology/Organ,0.0,0.0
http://dbpedia.org/ontology/sportDiscipline,http://dbpedia.org/ontology/Sport,0.0,0.0
http://dbpedia.org/ontology/relatedPlaces,http://dbpedia.org/ontology/List,0.0,0.0
http://dbpedia.org/ontology/highestPlace,http://dbpedia.org/ontology/PopulatedPlace,250.0,181.0
http://dbpedia.org/ontology/galleryItem,http://dbpedia.org/ontology/File,0.0,0.0
http://dbpedia.org/ontology/aircraftHelicopterUtility,http://dbpedia.org/ontology/MeanOfTransportation,68.0,1.0
http://dbpedia.org/ontology/stylisticOrigin,http://dbpedia.org/ontology/MusicGenre,3639.0,598.0
http://dbpedia.org/ontology/areaOfSearch,http://dbpedia.org/ontology/PopulatedPlace,826.0,14.0
http://dbpedia.org/ontology/battle,http://dbpedia.org/ontology/MilitaryConflict,117539.0,11478.0
http://dbpedia.org/ontology/inflow,http://dbpedia.org/ontology/River,4040.0,1857.0
http://dbpedia.org/ontology/architect,http://dbpedia.org/ontology/Architect,18048.0,10679.0
http://dbpedia.org/ontology/militaryBranch,http://dbpedia.org/ontology/MilitaryUnit,41598.0,4739.0
http://dbpedia.org/ontology/officialOpenedBy,http://dbpedia.org/ontology/Person,0.0,0.0
http://dbpedia.org/ontology/nearestCity,http://dbpedia.org/ontology/PopulatedPlace,18582.0,1461.0
http://dbpedia.org/ontology/child,http://dbpedia.org/ontology/Person,15760.0,1949.0
http://dbpedia.org/ontology/regency,http://dbpedia.org/ontology/PopulatedPlace,0.0,0.0
http://dbpedia.org/ontology/championInDoubleFemale,http://dbpedia.org/ontology/Athlete,412.0,14.0
http://dbpedia.org/ontology/altitude,http://dbpedia.org/ontology/Altitude,0.0,0.0
http://dbpedia.org/ontology/administrativeHeadCity,http://dbpedia.org/ontology/City,0.0,0.0
http://dbpedia.org/ontology/adjacentSettlement,http://dbpedia.org/ontology/Settlement,0.0,0.0
http://dbpedia.org/ontology/nobelLaureates,http://dbpedia.org/ontology/Person,26.0,1.0
http://dbpedia.org/ontology/canonizedBy,http://dbpedia.org/ontology/Person,653.0,64.0
http://dbpedia.org/ontology/chef,http://dbpedia.org/ontology/Person,58.0,15.0
http://dbpedia.org/ontology/managementPlace,http://dbpedia.org/ontology/PopulatedPlace,46.0,6.0
http://dbpedia.org/ontology/politicalPartyInLegislature,http://dbpedia.org/ontology/PoliticalParty,4006.0,950.0
http://dbpedia.org/ontology/soccerTournamentTopScorer,http://dbpedia.org/ontology/SoccerPlayer,0.0,0.0
http://dbpedia.org/ontology/tribus,http://dbpedia.org/ontology/Species,0.0,0.0
http://dbpedia.org/ontology/nflTeam,http://dbpedia.org/ontology/SportsTeam,0.0,0.0
http://dbpedia.org/ontology/editor,http://dbpedia.org/ontology/Agent,5557.0,3683.0
http://dbpedia.org/ontology/firstOwner,http://dbpedia.org/ontology/Agent,0.0,0.0
http://dbpedia.org/ontology/northWestPlace,http://dbpedia.org/ontology/Place,0.0,0.0
http://dbpedia.org/ontology/features,http://dbpedia.org/ontology/Work,0.0,0.0
http://dbpedia.org/ontology/commandStructure,http://dbpedia.org/ontology/MilitaryUnit,9417.0,1497.0
http://dbpedia.org/ontology/pastMember,http://dbpedia.org/ontology/Person,46.0,8.0
http://dbpedia.org/ontology/voice,http://dbpedia.org/ontology/Person,11182.0,1022.0
http://dbpedia.org/ontology/contractor,http://dbpedia.org/ontology/Company,0.0,0.0
http://dbpedia.org/ontology/bodyDiscovered,http://dbpedia.org/ontology/Place,233.0,30.0
http://dbpedia.org/ontology/leader,http://dbpedia.org/ontology/Person,8870.0,1896.0
http://dbpedia.org/ontology/building,http://dbpedia.org/ontology/Building,13.0,8.0
http://dbpedia.org/ontology/winterAppearances,http://dbpedia.org/ontology/OlympicResult,3.0,0.0
http://dbpedia.org/ontology/region,http://dbpedia.org/ontology/Place,76716.0,22900.0
http://dbpedia.org/ontology/formerCoach,http://dbpedia.org/ontology/Person,2573.0,222.0
http://dbpedia.org/ontology/neighboringMunicipality,http://dbpedia.org/ontology/PopulatedPlace,16680.0,91.0
http://dbpedia.org/ontology/aircraftHelicopter,http://dbpedia.org/ontology/MeanOfTransportation,328.0,5.0
http://dbpedia.org/ontology/notSolubleIn,http://dbpedia.org/ontology/ChemicalSubstance,0.0,0.0
http://dbpedia.org/ontology/governmentRegion,http://dbpedia.org/ontology/PopulatedPlace,10.0,0.0
http://dbpedia.org/ontology/politicalPartyOfLeader,http://dbpedia.org/ontology/PoliticalParty,859.0,149.0
http://dbpedia.org/ontology/developer,http://dbpedia.org/ontology/Agent,28834.0,6548.0
http://dbpedia.org/ontology/almaMater,http://dbpedia.org/ontology/EducationalInstitution,131512.0,7431.0
http://dbpedia.org/ontology/tonyAward,http://dbpedia.org/ontology/Award,0.0,0.0
http://dbpedia.org/ontology/livingPlace,http://dbpedia.org/ontology/Place,0.0,0.0
http://dbpedia.org/ontology/lieutenant,http://dbpedia.org/ontology/Person,1859.0,108.0
http://dbpedia.org/ontology/headChef,http://dbpedia.org/ontology/Person,235.0,150.0
http://dbpedia.org/ontology/poleDriver,http://dbpedia.org/ontology/Person,1302.0,8.0
http://dbpedia.org/ontology/artery,http://dbpedia.org/ontology/Artery,472.0,22.0
http://dbpedia.org/ontology/administrator,http://dbpedia.org/ontology/Person,4.0,4.0
http://dbpedia.org/ontology/aircraftHelicopterObservation,http://dbpedia.org/ontology/MeanOfTransportation,13.0,1.0
http://dbpedia.org/ontology/fastestDriver,http://dbpedia.org/ontology/Person,1337.0,12.0
http://dbpedia.org/ontology/employer,http://dbpedia.org/ontology/Organisation,7409.0,1558.0
http://dbpedia.org/ontology/associatedAct,http://dbpedia.org/ontology/Artist,197.0,124.0
http://dbpedia.org/ontology/governor,http://dbpedia.org/ontology/Person,4473.0,53.0
http://dbpedia.org/ontology/lymph,http://dbpedia.org/ontology/Lymph,61.0,3.0
http://dbpedia.org/ontology/sire,http://dbpedia.org/ontology/Animal,3099.0,559.0
http://dbpedia.org/ontology/sourceConfluencePlace,http://dbpedia.org/ontology/Place,205.0,24.0
http://dbpedia.org/ontology/relatedFunctions,http://dbpedia.org/ontology/List,0.0,0.0
http://dbpedia.org/ontology/wineRegion,http://dbpedia.org/ontology/WineRegion,403.0,285.0
http://dbpedia.org/ontology/solicitorGeneral,http://dbpedia.org/ontology/Person,0.0,0.0
http://dbpedia.org/ontology/veneratedIn,http://dbpedia.org/ontology/Organisation,5013.0,1910.0
http://dbpedia.org/ontology/formerPartner,http://dbpedia.org/ontology/Person,1652.0,182.0
http://dbpedia.org/ontology/managingEditor,http://dbpedia.org/ontology/Person,22.0,12.0
http://dbpedia.org/ontology/component,http://dbpedia.org/ontology/AnatomicalStructure,23.0,2.0
http://dbpedia.org/ontology/beltwayCity,http://dbpedia.org/ontology/City,81.0,28.0
http://dbpedia.org/ontology/ruralMunicipality,http://dbpedia.org/ontology/PopulatedPlace,778.0,23.0
http://dbpedia.org/ontology/lowestPoint,http://dbpedia.org/ontology/Place,0.0,0.0
http://dbpedia.org/ontology/governmentMountain,http://dbpedia.org/ontology/Mountain,13.0,12.0
http://dbpedia.org/ontology/aircraftHelicopterTransport,http://dbpedia.org/ontology/MeanOfTransportation,27.0,1.0
http://dbpedia.org/ontology/tree,http://dbpedia.org/ontology/Species,0.0,0.0
http://dbpedia.org/ontology/seiyu,http://dbpedia.org/ontology/Person,0.0,0.0
http://dbpedia.org/ontology/presidentGeneralCouncil,http://dbpedia.org/ontology/Person,0.0,0.0
http://dbpedia.org/ontology/previousEntity,http://dbpedia.org/ontology/Place,0.0,0.0
http://dbpedia.org/ontology/goldenRaspberryAward,http://dbpedia.org/ontology/Award,0.0,0.0
http://dbpedia.org/ontology/settlement,http://dbpedia.org/ontology/PopulatedPlace,0.0,0.0
http://dbpedia.org/ontology/currency,http://dbpedia.org/ontology/Currency,1792.0,657.0
http://dbpedia.org/ontology/fileURL,http://dbpedia.org/ontology/File,0.0,0.0
http://dbpedia.org/ontology/championInSingleFemale,http://dbpedia.org/ontology/Athlete,211.0,5.0
http://dbpedia.org/ontology/movie,http://dbpedia.org/ontology/Film,0.0,0.0
http://dbpedia.org/ontology/subFamily,http://dbpedia.org/ontology/Taxon,0.0,0.0
http://dbpedia.org/ontology/daira,http://dbpedia.org/ontology/Place,0.0,0.0
http://dbpedia.org/ontology/lowestRegion,http://dbpedia.org/ontology/PopulatedPlace,11.0,4.0
http://dbpedia.org/ontology/unitaryAuthority,http://dbpedia.org/ontology/PopulatedPlace,346.0,169.0
http://dbpedia.org/ontology/administrativeCenter,http://dbpedia.org/ontology/Place,0.0,0.0
http://dbpedia.org/ontology/producedBy,http://dbpedia.org/ontology/Company,0.0,0.0
http://dbpedia.org/ontology/guest,http://dbpedia.org/ontology/Person,34346.0,3356.0
http://dbpedia.org/ontology/stadium,http://dbpedia.org/ontology/Stadium,2503.0,1271.0
http://dbpedia.org/ontology/club,http://dbpedia.org/ontology/SportsTeam,7169.0,4676.0
http://dbpedia.org/ontology/college,http://dbpedia.org/ontology/EducationalInstitution,13759.0,8197.0
http://dbpedia.org/ontology/distributingCompany,http://dbpedia.org/ontology/Company,1796.0,214.0
http://dbpedia.org/ontology/organSystem,http://dbpedia.org/ontology/AnatomicalStructure,3.0,0.0
http://dbpedia.org/ontology/trainerClub,http://dbpedia.org/ontology/SportsTeam,0.0,0.0
http://dbpedia.org/ontology/sourceConfluenceRegion,http://dbpedia.org/ontology/Place,47.0,2.0
http://dbpedia.org/ontology/state,http://dbpedia.org/ontology/PopulatedPlace,43597.0,1892.0
http://dbpedia.org/ontology/mediaItem,http://dbpedia.org/ontology/File,0.0,0.0
http://dbpedia.org/ontology/house,http://dbpedia.org/ontology/Legislature,467.0,48.0
http://dbpedia.org/ontology/frazioni,http://dbpedia.org/ontology/PopulatedPlace,1388.0,1030.0
http://dbpedia.org/ontology/personFunction,http://dbpedia.org/ontology/PersonFunction,4473.0,0.0
http://dbpedia.org/ontology/raceResult,http://dbpedia.org/ontology/SportCompetitionResult,0.0,0.0
http://dbpedia.org/ontology/illustrator,http://dbpedia.org/ontology/Person,3095.0,635.0
http://dbpedia.org/ontology/peabodyAward,http://dbpedia.org/ontology/Award,0.0,0.0
http://dbpedia.org/ontology/secretaryGeneral,http://dbpedia.org/ontology/Person,253.0,106.0
http://dbpedia.org/ontology/rector,http://dbpedia.org/ontology/Person,581.0,389.0
http://dbpedia.org/ontology/proTeam,http://dbpedia.org/ontology/SportsTeam,0.0,0.0
http://dbpedia.org/ontology/currentTeamMember,http://dbpedia.org/ontology/TeamMember,0.0,0.0
http://dbpedia.org/ontology/deanery,http://dbpedia.org/ontology/Deanery,0.0,0.0
http://dbpedia.org/ontology/alumni,http://dbpedia.org/ontology/Person,217.0,65.0
http://dbpedia.org/ontology/leagueManager,http://dbpedia.org/ontology/SportsLeague,0.0,0.0
http://dbpedia.org/ontology/televisionSeries,http://dbpedia.org/ontology/TelevisionShow,2291.0,13.0
http://dbpedia.org/ontology/musicalArtist,http://dbpedia.org/ontology/MusicalArtist,56270.0,32342.0
http://dbpedia.org/ontology/endingTheme,http://dbpedia.org/ontology/Work,1006.0,823.0
http://dbpedia.org/ontology/river,http://dbpedia.org/ontology/River,2650.0,657.0
http://dbpedia.org/ontology/artist,http://dbpedia.org/ontology/Agent,146716.0,4852.0
http://dbpedia.org/ontology/officialLanguage,http://dbpedia.org/ontology/Language,561.0,18.0
http://dbpedia.org/ontology/populationPlace,http://dbpedia.org/ontology/PopulatedPlace,13884.0,1186.0
http://dbpedia.org/ontology/meetingBuilding,http://dbpedia.org/ontology/Building,0.0,0.0
http://dbpedia.org/ontology/summerAppearances,http://dbpedia.org/ontology/OlympicResult,5.0,0.0
http://dbpedia.org/ontology/meetingCity,http://dbpedia.org/ontology/Settlement,0.0,0.0
http://dbpedia.org/ontology/sisterCollege,http://dbpedia.org/ontology/College,75.0,6.0
http://dbpedia.org/ontology/footedness,http://dbpedia.org/ontology/Person,0.0,0.0
http://dbpedia.org/ontology/formerChoreographer,http://dbpedia.org/ontology/Person,1244.0,46.0
http://dbpedia.org/ontology/diploma,http://dbpedia.org/ontology/Diploma,0.0,0.0
http://dbpedia.org/ontology/cousurper,http://dbpedia.org/ontology/Person,0.0,0.0
http://dbpedia.org/ontology/fossil,http://dbpedia.org/ontology/Species,0.0,0.0
http://dbpedia.org/ontology/engineer,http://dbpedia.org/ontology/Person,152.0,73.0
http://dbpedia.org/ontology/affiliation,http://dbpedia.org/ontology/Organisation,24846.0,6408.0
http://dbpedia.org/ontology/billed,http://dbpedia.org/ontology/PopulatedPlace,2124.0,215.0
http://dbpedia.org/ontology/stateDelegate,http://dbpedia.org/ontology/Person,0.0,0.0
http://dbpedia.org/ontology/firstDriverTeam,http://dbpedia.org/ontology/SportsTeam,1325.0,174.0
http://dbpedia.org/ontology/regionalLanguage,http://dbpedia.org/ontology/Language,130.0,15.0
http://dbpedia.org/ontology/recentWinner,http://dbpedia.org/ontology/Person,70.0,15.0
http://dbpedia.org/ontology/grossDomesticProductNominalPerCapita,http://dbpedia.org/ontology/GrossDomesticProductPerCapita,0.0,0.0
http://dbpedia.org/ontology/subsidiary,http://dbpedia.org/ontology/Company,5321.0,1723.0
http://dbpedia.org/ontology/specialEffects,http://dbpedia.org/ontology/Person,0.0,0.0
http://dbpedia.org/ontology/goyaAward,http://dbpedia.org/ontology/Award,0.0,0.0
http://dbpedia.org/ontology/geminiAward,http://dbpedia.org/ontology/Award,0.0,0.0
http://dbpedia.org/ontology/firstOlympicEvent,http://dbpedia.org/ontology/OlympicEvent,0.0,0.0
http://dbpedia.org/ontology/formerTeam,http://dbpedia.org/ontology/SportsTeam,106714.0,24374.0
http://dbpedia.org/ontology/otherFamilyBranch,http://dbpedia.org/ontology/Family,0.0,0.0
http://dbpedia.org/ontology/youthClub,http://dbpedia.org/ontology/SportsTeam,0.0,0.0
http://dbpedia.org/ontology/childOrganisation,http://dbpedia.org/ontology/Organisation,1149.0,482.0
http://dbpedia.org/ontology/agglomerationDemographics,http://dbpedia.org/ontology/Demographics,0.0,0.0
http://dbpedia.org/ontology/alpsGroup,http://dbpedia.org/ontology/MountainRange,0.0,0.0
http://dbpedia.org/ontology/principal,http://dbpedia.org/ontology/Person,183.0,116.0
http://dbpedia.org/ontology/otherOccupation,http://dbpedia.org/ontology/PersonFunction,0.0,0.0
http://dbpedia.org/ontology/mouthState,http://dbpedia.org/ontology/PopulatedPlace,0.0,0.0
http://dbpedia.org/ontology/currentTeam,http://dbpedia.org/ontology/SportsTeam,0.0,0.0
http://dbpedia.org/ontology/vicePrimeMinister,http://dbpedia.org/ontology/Person,29.0,12.0
http://dbpedia.org/ontology/anthem,http://dbpedia.org/ontology/Work,783.0,688.0
http://dbpedia.org/ontology/birthPlace,http://dbpedia.org/ontology/Place,1330298.0,105604.0
http://dbpedia.org/ontology/touristicSite,http://dbpedia.org/ontology/Place,0.0,0.0
http://dbpedia.org/ontology/continentalTournament,http://dbpedia.org/ontology/Tournament,0.0,0.0
http://dbpedia.org/ontology/trainer,http://dbpedia.org/ontology/Person,7574.0,1295.0
http://dbpedia.org/ontology/training,http://dbpedia.org/ontology/EducationalInstitution,6581.0,1777.0
http://dbpedia.org/ontology/solventWithBadSolubility,http://dbpedia.org/ontology/ChemicalSubstance,0.0,0.0
http://dbpedia.org/ontology/coExecutiveProducer,http://dbpedia.org/ontology/Person,0.0,0.0
http://dbpedia.org/ontology/headquarter,http://dbpedia.org/ontology/PopulatedPlace,45418.0,4030.0
http://dbpedia.org/ontology/principalArea,http://dbpedia.org/ontology/PopulatedPlace,1953.0,27.0
http://dbpedia.org/ontology/brand,http://dbpedia.org/ontology/TelevisionShow,297.0,14.0
http://dbpedia.org/ontology/secondDriverCountry,http://dbpedia.org/ontology/Country,97.0,4.0
http://dbpedia.org/ontology/parent,http://dbpedia.org/ontology/Person,29694.0,2231.0
http://dbpedia.org/ontology/sourceCountry,http://dbpedia.org/ontology/Country,12767.0,490.0
http://dbpedia.org/ontology/company,http://dbpedia.org/ontology/Organisation,18783.0,4331.0
http://dbpedia.org/ontology/disciple,http://dbpedia.org/ontology/Artist,0.0,0.0
http://dbpedia.org/ontology/engine,http://dbpedia.org/ontology/AutomobileEngine,10463.0,0.0
http://dbpedia.org/ontology/firstWin,http://dbpedia.org/ontology/GrandPrix,91.0,8.0
http://dbpedia.org/ontology/spouse,http://dbpedia.org/ontology/Person,37781.0,4353.0
http://dbpedia.org/ontology/instrument,http://dbpedia.org/ontology/Instrument,53261.0,43702.0
http://dbpedia.org/ontology/significantBuilding,http://dbpedia.org/ontology/Building,2807.0,1322.0
http://dbpedia.org/ontology/currentTeamManager,http://dbpedia.org/ontology/SportsTeam,0.0,0.0
http://dbpedia.org/ontology/subdivision,http://dbpedia.org/ontology/Place,0.0,0.0
http://dbpedia.org/ontology/capitalDistrict,http://dbpedia.org/ontology/PopulatedPlace,0.0,0.0
http://dbpedia.org/ontology/mountainRange,http://dbpedia.org/ontology/MountainRange,14727.0,2584.0
http://dbpedia.org/ontology/creator,http://dbpedia.org/ontology/Agent,27165.0,4714.0
http://dbpedia.org/ontology/painter,http://dbpedia.org/ontology/Person,0.0,0.0
http://dbpedia.org/ontology/school,http://dbpedia.org/ontology/EducationalInstitution,5614.0,1707.0
http://dbpedia.org/ontology/flower,http://dbpedia.org/ontology/Species,0.0,0.0
http://dbpedia.org/ontology/routePrevious,http://dbpedia.org/ontology/RouteStop,0.0,0.0
http://dbpedia.org/ontology/prefaceBy,http://dbpedia.org/ontology/Person,0.0,0.0
http://dbpedia.org/ontology/ground,http://dbpedia.org/ontology/Place,41877.0,7042.0
http://dbpedia.org/ontology/producer,http://dbpedia.org/ontology/Agent,260764.0,60906.0
http://dbpedia.org/ontology/ethnicGroup,http://dbpedia.org/ontology/EthnicGroup,2245.0,708.0
http://dbpedia.org/ontology/conflict,http://dbpedia.org/ontology/MilitaryConflict,0.0,0.0
http://dbpedia.org/ontology/drainsFrom,http://dbpedia.org/ontology/AnatomicalStructure,83.0,8.0
http://dbpedia.org/ontology/fourthCommander,http://dbpedia.org/ontology/Person,61.0,30.0
http://dbpedia.org/ontology/recordedIn,http://dbpedia.org/ontology/PopulatedPlace,50820.0,13924.0
http://dbpedia.org/ontology/hasJunctionWith,http://dbpedia.org/ontology/Canal,209.0,103.0
http://dbpedia.org/ontology/lunarRover,http://dbpedia.org/ontology/MeanOfTransportation,0.0,0.0
http://dbpedia.org/ontology/sibling,http://dbpedia.org/ontology/Person,0.0,0.0
http://dbpedia.org/ontology/countryOrigin,http://dbpedia.org/ontology/Country,226.0,6.0
http://dbpedia.org/ontology/clubsRecordGoalscorer,http://dbpedia.org/ontology/Person,28.0,6.0
http://dbpedia.org/ontology/chain,http://dbpedia.org/ontology/Company,143.0,24.0
http://dbpedia.org/ontology/routeEndLocation,http://dbpedia.org/ontology/Place,228.0,43.0
http://dbpedia.org/ontology/aircraftHelicopterCargo,http://dbpedia.org/ontology/MeanOfTransportation,17.0,1.0
http://dbpedia.org/ontology/aircraftUser,http://dbpedia.org/ontology/Organisation,0.0,0.0
http://dbpedia.org/ontology/costumeDesigner,http://dbpedia.org/ontology/Person,0.0,0.0
http://dbpedia.org/ontology/radio,http://dbpedia.org/ontology/RadioStation,0.0,0.0
http://dbpedia.org/ontology/road,http://dbpedia.org/ontology/Road,0.0,0.0
http://dbpedia.org/ontology/governorGeneral,http://dbpedia.org/ontology/Person,239.0,0.0
http://dbpedia.org/ontology/depths,http://dbpedia.org/ontology/Depth,0.0,0.0
http://dbpedia.org/ontology/poleDriverTeam,http://dbpedia.org/ontology/SportsTeam,1293.0,144.0
http://dbpedia.org/ontology/councilArea,http://dbpedia.org/ontology/PopulatedPlace,2313.0,1819.0
http://dbpedia.org/ontology/network,http://dbpedia.org/ontology/Broadcaster,36801.0,5145.0
http://dbpedia.org/ontology/firstPublisher,http://dbpedia.org/ontology/Agent,0.0,0.0
http://dbpedia.org/ontology/poleDriverCountry,http://dbpedia.org/ontology/Country,83.0,5.0
http://dbpedia.org/ontology/custodian,http://dbpedia.org/ontology/Person,1.0,0.0
http://dbpedia.org/ontology/doctoralStudent,http://dbpedia.org/ontology/Person,7647.0,2313.0
http://dbpedia.org/ontology/enemy,http://dbpedia.org/ontology/Species,0.0,0.0
http://dbpedia.org/ontology/deputy,http://dbpedia.org/ontology/Person,2550.0,317.0
http://dbpedia.org/ontology/countryWithFirstAstronaut,http://dbpedia.org/ontology/Country,33.0,0.0
http://dbpedia.org/ontology/rival,http://dbpedia.org/ontology/School,1738.0,89.0
http://dbpedia.org/ontology/population,http://dbpedia.org/ontology/Population,0.0,0.0
http://dbpedia.org/ontology/previousEvent,http://dbpedia.org/ontology/Event,9124.0,788.0
http://dbpedia.org/ontology/organisation,http://dbpedia.org/ontology/Organisation,393.0,114.0
http://dbpedia.org/ontology/designCompany,http://dbpedia.org/ontology/Company,1528.0,1210.0
http://dbpedia.org/ontology/growingGrape,http://dbpedia.org/ontology/Grape,3330.0,526.0
http://dbpedia.org/ontology/executiveProducer,http://dbpedia.org/ontology/Person,12377.0,1540.0
http://dbpedia.org/ontology/university,http://dbpedia.org/ontology/EducationalInstitution,2795.0,125.0
http://dbpedia.org/ontology/crosses,http://dbpedia.org/ontology/River,3764.0,1076.0
http://dbpedia.org/ontology/leftTributary,http://dbpedia.org/ontology/River,3995.0,715.0
http://dbpedia.org/ontology/municipality,http://dbpedia.org/ontology/PopulatedPlace,3233.0,318.0
http://dbpedia.org/ontology/spurOf,http://dbpedia.org/ontology/Road,0.0,0.0
http://dbpedia.org/ontology/judge,http://dbpedia.org/ontology/Judge,0.0,0.0
http://dbpedia.org/ontology/senator,http://dbpedia.org/ontology/Person,0.0,0.0
http://dbpedia.org/ontology/dean,http://dbpedia.org/ontology/Person,533.0,311.0
http://dbpedia.org/ontology/hasOutsidePlace,http://dbpedia.org/ontology/Place,0.0,0.0
http://dbpedia.org/ontology/largestMetro,http://dbpedia.org/ontology/PopulatedPlace,0.0,0.0
http://dbpedia.org/ontology/previousInfrastructure,http://dbpedia.org/ontology/Infrastructure,9.0,1.0
http://dbpedia.org/ontology/mostDownPoint,http://dbpedia.org/ontology/Place,0.0,0.0
http://dbpedia.org/ontology/booster,http://dbpedia.org/ontology/Rocket,0.0,0.0
http://dbpedia.org/ontology/solventWithGoodSolubility,http://dbpedia.org/ontology/ChemicalSubstance,0.0,0.0
http://dbpedia.org/ontology/detractor,http://dbpedia.org/ontology/Person,0.0,0.0
http://dbpedia.org/ontology/notableStudent,http://dbpedia.org/ontology/Person,1478.0,259.0
http://dbpedia.org/ontology/deFactoLanguage,http://dbpedia.org/ontology/Language,0.0,0.0
http://dbpedia.org/ontology/minority,http://dbpedia.org/ontology/Group,0.0,0.0
http://dbpedia.org/ontology/department,http://dbpedia.org/ontology/PopulatedPlace,24307.0,237.0
http://dbpedia.org/ontology/chancellor,http://dbpedia.org/ontology/Person,1512.0,326.0
http://dbpedia.org/ontology/secondLeader,http://dbpedia.org/ontology/Person,3056.0,193.0
http://dbpedia.org/ontology/volumes,http://dbpedia.org/ontology/WrittenWork,0.0,0.0
http://dbpedia.org/ontology/author,http://dbpedia.org/ontology/Person,61626.0,6515.0
http://dbpedia.org/ontology/massif,http://dbpedia.org/ontology/Place,0.0,0.0
http://dbpedia.org/ontology/roleInEvent,http://dbpedia.org/ontology/Event,0.0,0.0
http://dbpedia.org/ontology/damage,http://dbpedia.org/ontology/Currency,24.0,1.0
http://dbpedia.org/ontology/firstRace,http://dbpedia.org/ontology/GrandPrix,785.0,106.0
http://dbpedia.org/ontology/doctoralAdvisor,http://dbpedia.org/ontology/Person,6498.0,706.0
http://dbpedia.org/ontology/khlDraftTeam,http://dbpedia.org/ontology/HockeyTeam,0.0,0.0
http://dbpedia.org/ontology/province,http://dbpedia.org/ontology/Province,11254.0,10857.0
http://dbpedia.org/ontology/vicePrincipal,http://dbpedia.org/ontology/Person,20.0,11.0
http://dbpedia.org/ontology/olympicGames,http://dbpedia.org/ontology/Tournament,0.0,0.0
http://dbpedia.org/ontology/thirdDriver,http://dbpedia.org/ontology/Person,1337.0,33.0
http://dbpedia.org/ontology/album,http://dbpedia.org/ontology/Album,48245.0,1557.0
http://dbpedia.org/ontology/oldProvince,http://dbpedia.org/ontology/PopulatedPlace,0.0,0.0
http://dbpedia.org/ontology/governmentPlace,http://dbpedia.org/ontology/PopulatedPlace,13.0,3.0
http://dbpedia.org/ontology/largestCity,http://dbpedia.org/ontology/PopulatedPlace,3556.0,112.0
http://dbpedia.org/ontology/associateStar,http://dbpedia.org/ontology/Constellation,0.0,0.0
http://dbpedia.org/ontology/currentCity,http://dbpedia.org/ontology/City,0.0,0.0
