s,p,o,r,id
http://dbpedia.org/resource/Vincent_Teresa,http://dbpedia.org/ontology/occupation,http://dbpedia.org/resource/Extortion,http://dbpedia.org/ontology/PersonFunction,"('http://dbpedia.org/ontology/occupation', 17549)"
http://dbpedia.org/resource/Shandong_Gaosu_Group,http://dbpedia.org/ontology/regionServed,http://dbpedia.org/resource/Shandong,http://dbpedia.org/ontology/Place,"('http://dbpedia.org/ontology/regionServed', 1180)"
http://dbpedia.org/resource/KGUD,http://dbpedia.org/ontology/city,"http://dbpedia.org/resource/Longmont,_Colorado",http://dbpedia.org/ontology/City,"('http://dbpedia.org/ontology/city', 17221)"
http://dbpedia.org/resource/Hunan_Billows_F.C.__Liu_Qing__1,http://dbpedia.org/ontology/currentMember,http://dbpedia.org/resource/Liu_Qing_(footballer_born_1989),http://dbpedia.org/ontology/Person,"('http://dbpedia.org/ontology/currentMember', 24810)"
http://dbpedia.org/resource/Cain's_Offering,http://dbpedia.org/ontology/bandMember,http://dbpedia.org/resource/Jonas_Kuhlberg,http://dbpedia.org/ontology/Person,"('http://dbpedia.org/ontology/bandMember', 7672)"
http://dbpedia.org/resource/North_Branch_Shamokin_Creek,http://dbpedia.org/ontology/mouthMountain,http://dbpedia.org/resource/Shamokin_Creek,http://dbpedia.org/ontology/Mountain,"('http://dbpedia.org/ontology/mouthMountain', 7311)"
http://dbpedia.org/resource/Jackassworld.com:_24_Hour_Takeover,http://dbpedia.org/ontology/director,http://dbpedia.org/resource/Dave_Diomedi,http://dbpedia.org/ontology/Person,"('http://dbpedia.org/ontology/director', 2674)"
http://dbpedia.org/resource/Steven_Ehricks,http://dbpedia.org/ontology/team,http://dbpedia.org/resource/Hofstra_University,http://dbpedia.org/ontology/SportsTeam,"('http://dbpedia.org/ontology/team', 5813)"
http://dbpedia.org/resource/U.S._Route_9_in_New_Jersey,http://dbpedia.org/ontology/routeJunction,"http://dbpedia.org/resource/Linden,_New_Jersey",http://dbpedia.org/ontology/RouteOfTransportation,"('http://dbpedia.org/ontology/routeJunction', 8411)"
http://dbpedia.org/resource/List_of_Chinese_football_transfers_winter_2012,http://dbpedia.org/ontology/currentMember,"http://dbpedia.org/resource/Wang_Hao_(footballer,_born_1985)",http://dbpedia.org/ontology/Person,"('http://dbpedia.org/ontology/currentMember', 53664)"
http://dbpedia.org/resource/Aníbal_Cristobo,http://dbpedia.org/ontology/occupation,http://dbpedia.org/resource/Critic,http://dbpedia.org/ontology/PersonFunction,"('http://dbpedia.org/ontology/occupation', 83105)"
http://dbpedia.org/resource/Owl_and_the_Sparrow,http://dbpedia.org/ontology/producer,http://dbpedia.org/resource/Ham_Tran,http://dbpedia.org/ontology/Agent,"('http://dbpedia.org/ontology/producer', 25855)"
http://dbpedia.org/resource/Brock_Boeser,http://dbpedia.org/ontology/league,http://dbpedia.org/resource/National_Collegiate_Hockey_Conference,http://dbpedia.org/ontology/SportsLeague,"('http://dbpedia.org/ontology/league', 1311)"
http://dbpedia.org/resource/Tukaram_Ramkrishna_Kate,http://dbpedia.org/ontology/party,http://dbpedia.org/resource/Shiv_Sena,http://dbpedia.org/ontology/PoliticalParty,"('http://dbpedia.org/ontology/party', 4971)"
http://dbpedia.org/resource/IsoHunt,http://dbpedia.org/ontology/author,http://dbpedia.org/resource/Anonymous_work,http://dbpedia.org/ontology/Person,"('http://dbpedia.org/ontology/author', 876)"
http://dbpedia.org/resource/Robin_Söder,http://dbpedia.org/ontology/birthPlace,http://wikidata.dbpedia.org/resource/Q1872271,http://dbpedia.org/ontology/Place,"('http://dbpedia.org/ontology/birthPlace', 97983)"
http://dbpedia.org/resource/Corpus_Mortale,http://dbpedia.org/ontology/associatedMusicalArtist,http://dbpedia.org/resource/Iniquity_(band),http://dbpedia.org/ontology/MusicalArtist,"('http://dbpedia.org/ontology/associatedMusicalArtist', 40235)"
http://dbpedia.org/resource/Numbri_Aadmi,http://dbpedia.org/ontology/starring,http://dbpedia.org/resource/Sonu_Walia,http://dbpedia.org/ontology/Actor,"('http://dbpedia.org/ontology/starring', 212970)"
http://dbpedia.org/resource/Love_&_Basketball,http://dbpedia.org/ontology/producer,http://dbpedia.org/resource/Jay_Stern,http://dbpedia.org/ontology/Agent,"('http://dbpedia.org/ontology/producer', 31853)"
http://dbpedia.org/resource/Angelika_dela_Cruz,http://dbpedia.org/ontology/recordLabel,http://dbpedia.org/resource/GMA_Network,http://dbpedia.org/ontology/RecordLabel,"('http://dbpedia.org/ontology/recordLabel', 31068)"
http://dbpedia.org/resource/Dendrobium_subbilobatum,http://dbpedia.org/ontology/family,http://dbpedia.org/resource/Epidendroideae,http://dbpedia.org/ontology/Species,"('http://dbpedia.org/ontology/family', 39224)"
http://dbpedia.org/resource/Quincy_Jones,http://dbpedia.org/ontology/associatedBand,http://dbpedia.org/resource/Toots_Thielemans,http://dbpedia.org/ontology/Band,"('http://dbpedia.org/ontology/associatedBand', 20782)"
http://dbpedia.org/resource/M.A.N.T.I.S.,http://dbpedia.org/ontology/starring,http://dbpedia.org/resource/Roger_Rees,http://dbpedia.org/ontology/Actor,"('http://dbpedia.org/ontology/starring', 111238)"
http://dbpedia.org/resource/Ready_(2008_film),http://dbpedia.org/ontology/language,http://dbpedia.org/resource/Telugu_cinema,http://dbpedia.org/ontology/Language,"('http://dbpedia.org/ontology/language', 12215)"
http://dbpedia.org/resource/Terebra_picta,http://dbpedia.org/ontology/family,http://dbpedia.org/resource/Conoidea,http://dbpedia.org/ontology/Species,"('http://dbpedia.org/ontology/family', 48544)"
http://dbpedia.org/resource/The_Spikes,http://dbpedia.org/ontology/hometown,http://dbpedia.org/resource/Ireland,http://dbpedia.org/ontology/Settlement,"('http://dbpedia.org/ontology/hometown', 25888)"
http://dbpedia.org/resource/Yuan_Chiung-chiung,http://dbpedia.org/ontology/occupation,http://dbpedia.org/resource/Screenwriter,http://dbpedia.org/ontology/PersonFunction,"('http://dbpedia.org/ontology/occupation', 100139)"
http://dbpedia.org/resource/Time_Doesn't_Notice,http://dbpedia.org/ontology/artist,http://dbpedia.org/resource/No_Address,http://dbpedia.org/ontology/Agent,"('http://dbpedia.org/ontology/artist', 1879)"
http://dbpedia.org/resource/Brendan_McCann,http://dbpedia.org/ontology/college,http://dbpedia.org/resource/St._Bonaventure_Bonnies_men's_basketball,http://dbpedia.org/ontology/EducationalInstitution,"('http://dbpedia.org/ontology/college', 4476)"
http://dbpedia.org/resource/Tarbock,http://dbpedia.org/ontology/country,http://dbpedia.org/resource/England,http://dbpedia.org/ontology/Country,"('http://dbpedia.org/ontology/country', 8931)"
http://dbpedia.org/resource/Interloper_(album),http://dbpedia.org/ontology/previousWork,http://dbpedia.org/resource/Irdial,http://dbpedia.org/ontology/Work,"('http://dbpedia.org/ontology/previousWork', 5453)"
http://dbpedia.org/resource/2015–16_1._FC_Köln_season,http://dbpedia.org/ontology/homeStadium,http://dbpedia.org/resource/Cologne,http://dbpedia.org/ontology/Stadium,"('http://dbpedia.org/ontology/homeStadium', 3107)"
http://dbpedia.org/resource/Diomedes_Matos,http://dbpedia.org/ontology/occupation,http://dbpedia.org/resource/Luthier,http://dbpedia.org/ontology/PersonFunction,"('http://dbpedia.org/ontology/occupation', 109291)"
http://dbpedia.org/resource/Haider_(soundtrack),http://dbpedia.org/ontology/recordLabel,http://dbpedia.org/resource/The_Times_Group,http://dbpedia.org/ontology/RecordLabel,"('http://dbpedia.org/ontology/recordLabel', 14226)"
http://dbpedia.org/resource/Combat_Academy,http://dbpedia.org/ontology/starring,http://dbpedia.org/resource/Jamie_Farr,http://dbpedia.org/ontology/Actor,"('http://dbpedia.org/ontology/starring', 17934)"
http://dbpedia.org/resource/Franz_Bauer,http://dbpedia.org/ontology/deathPlace,http://dbpedia.org/resource/London_Borough_of_Richmond_upon_Thames,http://dbpedia.org/ontology/Place,"('http://dbpedia.org/ontology/deathPlace', 14121)"
http://dbpedia.org/resource/Bullet_(2008_film),http://dbpedia.org/ontology/starring,http://dbpedia.org/resource/Suresh_Gopi,http://dbpedia.org/ontology/Actor,"('http://dbpedia.org/ontology/starring', 132756)"
http://dbpedia.org/resource/Helcystogramma_cyanozona,http://dbpedia.org/ontology/family,http://dbpedia.org/resource/Gelechiidae,http://dbpedia.org/ontology/Species,"('http://dbpedia.org/ontology/family', 28516)"
http://dbpedia.org/resource/Finn_Atkins,http://dbpedia.org/ontology/birthPlace,http://dbpedia.org/resource/England,http://dbpedia.org/ontology/Place,"('http://dbpedia.org/ontology/birthPlace', 15413)"
http://dbpedia.org/resource/George_Washington_in_the_French_and_Indian_War,http://dbpedia.org/ontology/occupation,http://dbpedia.org/resource/Continental_Army,http://dbpedia.org/ontology/PersonFunction,"('http://dbpedia.org/ontology/occupation', 95260)"
http://dbpedia.org/resource/Gunahon_Ka_Devta_(1990_film),http://dbpedia.org/ontology/producer,http://dbpedia.org/resource/Arun_S._Thakur,http://dbpedia.org/ontology/Agent,"('http://dbpedia.org/ontology/producer', 55047)"
http://dbpedia.org/resource/Daisy_Bopanna,http://dbpedia.org/ontology/stateOfOrigin,http://dbpedia.org/resource/Indian_people,http://dbpedia.org/ontology/Country,"('http://dbpedia.org/ontology/stateOfOrigin', 4376)"
http://dbpedia.org/resource/Sohodolul_Chifului_River,http://dbpedia.org/ontology/sourceMountain,http://dbpedia.org/resource/Bihor_Mountains,http://dbpedia.org/ontology/Mountain,"('http://dbpedia.org/ontology/sourceMountain', 2342)"
http://dbpedia.org/resource/Sons_of_Norway_(film),http://dbpedia.org/ontology/starring,http://dbpedia.org/resource/Sonja_Richter,http://dbpedia.org/ontology/Actor,"('http://dbpedia.org/ontology/starring', 307285)"
http://dbpedia.org/resource/Not_Like_Everyone_Else,http://dbpedia.org/ontology/starring,http://dbpedia.org/resource/Illeana_Douglas,http://dbpedia.org/ontology/Actor,"('http://dbpedia.org/ontology/starring', 45140)"
http://dbpedia.org/resource/Rampage_(1963_film),http://dbpedia.org/ontology/starring,http://dbpedia.org/resource/Elsa_Martinelli,http://dbpedia.org/ontology/Actor,"('http://dbpedia.org/ontology/starring', 110918)"
http://dbpedia.org/resource/The_Long_Hot_Summer_(1985_film),http://dbpedia.org/ontology/starring,http://dbpedia.org/resource/Judith_Ivey,http://dbpedia.org/ontology/Actor,"('http://dbpedia.org/ontology/starring', 117000)"
http://dbpedia.org/resource/1636:_The_Devil's_Opera,http://dbpedia.org/ontology/author,http://dbpedia.org/resource/David_Carrico,http://dbpedia.org/ontology/Person,"('http://dbpedia.org/ontology/author', 5967)"
http://dbpedia.org/resource/Beaudry_Provincial_Park_(Manitoba),http://dbpedia.org/ontology/location,http://dbpedia.org/resource/Rural_Municipality_of_St._François_Xavier,http://dbpedia.org/ontology/Place,"('http://dbpedia.org/ontology/location', 23663)"
http://dbpedia.org/resource/Now_That's_What_I_Call_Music!_74_(UK_series),http://dbpedia.org/ontology/recordLabel,http://dbpedia.org/resource/Warner_Music_Group,http://dbpedia.org/ontology/RecordLabel,"('http://dbpedia.org/ontology/recordLabel', 12715)"
http://dbpedia.org/resource/Yann_Tiersen,http://dbpedia.org/ontology/instrument,http://dbpedia.org/resource/Violin,http://dbpedia.org/ontology/Instrument,"('http://dbpedia.org/ontology/instrument', 6212)"
http://dbpedia.org/resource/Rotla,http://dbpedia.org/ontology/sourceRegion,http://dbpedia.org/resource/Nord-Trøndelag,http://dbpedia.org/ontology/PopulatedPlace,"('http://dbpedia.org/ontology/sourceRegion', 232)"
http://dbpedia.org/resource/D.I.E.,http://dbpedia.org/ontology/genre,http://dbpedia.org/resource/Paranormal,http://dbpedia.org/ontology/Genre,"('http://dbpedia.org/ontology/genre', 36498)"
http://dbpedia.org/resource/Mikke_Leinonen,http://dbpedia.org/ontology/birthPlace,http://dbpedia.org/resource/Lahti,http://dbpedia.org/ontology/Place,"('http://dbpedia.org/ontology/birthPlace', 60316)"
http://dbpedia.org/resource/Sero_Khanzadyan,http://dbpedia.org/ontology/nationality,http://dbpedia.org/resource/Armenians,http://dbpedia.org/ontology/Country,"('http://dbpedia.org/ontology/nationality', 8374)"
http://dbpedia.org/resource/From_In_to_Out,http://dbpedia.org/ontology/recordLabel,http://dbpedia.org/resource/Futura_Records,http://dbpedia.org/ontology/RecordLabel,"('http://dbpedia.org/ontology/recordLabel', 20694)"
http://dbpedia.org/resource/Master_Miner,http://dbpedia.org/ontology/genre,http://dbpedia.org/resource/Arcade_game,http://dbpedia.org/ontology/Genre,"('http://dbpedia.org/ontology/genre', 27931)"
http://dbpedia.org/resource/Lynchat,http://dbpedia.org/ontology/councilArea,http://dbpedia.org/resource/Highland_(council_area),http://dbpedia.org/ontology/PopulatedPlace,"('http://dbpedia.org/ontology/councilArea', 1129)"
http://dbpedia.org/resource/Daisuke_Sudo__1,http://dbpedia.org/ontology/team,http://dbpedia.org/resource/Tokai_University,http://dbpedia.org/ontology/SportsTeam,"('http://dbpedia.org/ontology/team', 25557)"
http://dbpedia.org/resource/Sekiji_Sasano__1,http://dbpedia.org/ontology/team,http://dbpedia.org/resource/Waseda_University,http://dbpedia.org/ontology/SportsTeam,"('http://dbpedia.org/ontology/team', 5367)"
http://dbpedia.org/resource/Mount_McNicoll,http://dbpedia.org/ontology/locatedInArea,http://dbpedia.org/resource/British_Columbia_Interior,http://dbpedia.org/ontology/Place,"('http://dbpedia.org/ontology/locatedInArea', 8963)"
http://dbpedia.org/resource/You_Don't_Know_Nothin',http://dbpedia.org/ontology/musicalArtist,http://dbpedia.org/resource/For_Real,http://dbpedia.org/ontology/MusicalArtist,"('http://dbpedia.org/ontology/musicalArtist', 21191)"
http://dbpedia.org/resource/Ministry_of_Traditional_Industries_and_Small_Enterprise_Development,http://dbpedia.org/ontology/leader,http://dbpedia.org/resource/V._Sivagnanasothy,http://dbpedia.org/ontology/Person,"('http://dbpedia.org/ontology/leader', 1739)"
http://dbpedia.org/resource/CKLQ,http://dbpedia.org/ontology/city,http://dbpedia.org/resource/Manitoba,http://dbpedia.org/ontology/City,"('http://dbpedia.org/ontology/city', 5299)"
http://dbpedia.org/resource/Richie_Richmond,http://dbpedia.org/ontology/team,http://dbpedia.org/resource/Atlanta_Magic,http://dbpedia.org/ontology/SportsTeam,"('http://dbpedia.org/ontology/team', 38475)"
http://dbpedia.org/resource/Aké_Arts_and_Book_Festival,http://dbpedia.org/ontology/genre,http://dbpedia.org/resource/Arts_festival,http://dbpedia.org/ontology/Genre,"('http://dbpedia.org/ontology/genre', 104956)"
http://dbpedia.org/resource/What_Kind_of_Fool,http://dbpedia.org/ontology/musicalBand,http://dbpedia.org/resource/Barbra_Streisand,http://dbpedia.org/ontology/Band,"('http://dbpedia.org/ontology/musicalBand', 2823)"
http://dbpedia.org/resource/The_Force_(2009_TV_series),http://dbpedia.org/ontology/creator,http://dbpedia.org/resource/Oxford_Film_and_Television,http://dbpedia.org/ontology/Agent,"('http://dbpedia.org/ontology/creator', 4149)"
http://dbpedia.org/resource/Spragga_Benz,http://dbpedia.org/ontology/occupation,http://dbpedia.org/resource/Deejay_(Jamaican),http://dbpedia.org/ontology/PersonFunction,"('http://dbpedia.org/ontology/occupation', 9765)"
http://dbpedia.org/resource/Aareal_Bank,http://dbpedia.org/ontology/locationCity,http://dbpedia.org/resource/Wiesbaden,http://dbpedia.org/ontology/City,"('http://dbpedia.org/ontology/locationCity', 5201)"
http://dbpedia.org/resource/The_Devil's_Bait,http://dbpedia.org/ontology/distributor,http://dbpedia.org/resource/General_Film_Company,http://dbpedia.org/ontology/Organisation,"('http://dbpedia.org/ontology/distributor', 5397)"
http://dbpedia.org/resource/Arthur_Blackman,http://dbpedia.org/ontology/country,http://dbpedia.org/resource/England,http://dbpedia.org/ontology/Country,"('http://dbpedia.org/ontology/country', 15280)"
http://dbpedia.org/resource/Hamaland,http://dbpedia.org/ontology/capital,http://dbpedia.org/resource/Zutphen,http://dbpedia.org/ontology/City,"('http://dbpedia.org/ontology/capital', 782)"
http://dbpedia.org/resource/Diogo_Carreira__1,http://dbpedia.org/ontology/team,http://dbpedia.org/resource/Portugal_Telecom,http://dbpedia.org/ontology/SportsTeam,"('http://dbpedia.org/ontology/team', 11077)"
http://dbpedia.org/resource/Weblocks,http://dbpedia.org/ontology/genre,http://dbpedia.org/resource/Web_framework,http://dbpedia.org/ontology/Genre,"('http://dbpedia.org/ontology/genre', 92075)"
http://dbpedia.org/resource/Man_in_the_Middle_(film),http://dbpedia.org/ontology/starring,http://dbpedia.org/resource/France_Nuyen,http://dbpedia.org/ontology/Actor,"('http://dbpedia.org/ontology/starring', 105475)"
http://dbpedia.org/resource/Wenchi_S.C.__Solomon_Frimpong__1,http://dbpedia.org/ontology/currentMember,http://dbpedia.org/resource/Solomon_Frimpong,http://dbpedia.org/ontology/Person,"('http://dbpedia.org/ontology/currentMember', 47722)"
http://dbpedia.org/resource/Isleworth_and_Syon_School,http://dbpedia.org/ontology/city,http://dbpedia.org/resource/Isleworth,http://dbpedia.org/ontology/City,"('http://dbpedia.org/ontology/city', 15833)"
http://dbpedia.org/resource/K'inich_Yo'nal_Ahk_II,http://dbpedia.org/ontology/parent,http://dbpedia.org/resource/Lady_White_Bird,http://dbpedia.org/ontology/Person,"('http://dbpedia.org/ontology/parent', 492)"
http://dbpedia.org/resource/Karlshamn_Power_Station,http://dbpedia.org/ontology/owner,http://dbpedia.org/resource/E.ON_Sverige,http://dbpedia.org/ontology/Agent,"('http://dbpedia.org/ontology/owner', 2168)"
http://dbpedia.org/resource/Quererte_así,http://dbpedia.org/ontology/starring,http://dbpedia.org/resource/María_José_Magan,http://dbpedia.org/ontology/Actor,"('http://dbpedia.org/ontology/starring', 374559)"
http://dbpedia.org/resource/Afzal_Khan_(actor),http://dbpedia.org/ontology/birthPlace,http://dbpedia.org/resource/Havelian,http://dbpedia.org/ontology/Place,"('http://dbpedia.org/ontology/birthPlace', 79700)"
http://dbpedia.org/resource/Su_Chia-chyuan,http://dbpedia.org/ontology/deputy,http://dbpedia.org/resource/Chang_Wen-ying,http://dbpedia.org/ontology/Person,"('http://dbpedia.org/ontology/deputy', 49)"
http://dbpedia.org/resource/Georgia_State_Route_317,http://dbpedia.org/ontology/routeJunction,"http://dbpedia.org/resource/Suwanee,_Georgia",http://dbpedia.org/ontology/RouteOfTransportation,"('http://dbpedia.org/ontology/routeJunction', 3624)"
http://dbpedia.org/resource/Steve_Charnovitz,http://dbpedia.org/ontology/almaMater,http://dbpedia.org/resource/Yale_College,http://dbpedia.org/ontology/EducationalInstitution,"('http://dbpedia.org/ontology/almaMater', 5197)"
http://dbpedia.org/resource/Wayne_Mills_(British_Army_soldier),http://dbpedia.org/ontology/award,http://dbpedia.org/resource/Conspicuous_Gallantry_Cross,http://dbpedia.org/ontology/Award,"('http://dbpedia.org/ontology/award', 32530)"
http://dbpedia.org/resource/Selwyn_Range_(British_Columbia),http://dbpedia.org/ontology/province,http://dbpedia.org/resource/British_Columbia,http://dbpedia.org/ontology/Province,"('http://dbpedia.org/ontology/province', 117)"
http://dbpedia.org/resource/Wissam_Assimi__14,http://dbpedia.org/ontology/team,http://dbpedia.org/resource/F.C._Bu'eine,http://dbpedia.org/ontology/SportsTeam,"('http://dbpedia.org/ontology/team', 78299)"
http://dbpedia.org/resource/Kakkathollayiram,http://dbpedia.org/ontology/starring,http://dbpedia.org/resource/Chithra_(actress),http://dbpedia.org/ontology/Actor,"('http://dbpedia.org/ontology/starring', 327988)"
http://dbpedia.org/resource/Wasabi_(film),http://dbpedia.org/ontology/starring,http://dbpedia.org/resource/Michel_Muller,http://dbpedia.org/ontology/Actor,"('http://dbpedia.org/ontology/starring', 232146)"
http://dbpedia.org/resource/Anthony_Lemke,http://dbpedia.org/ontology/birthPlace,http://dbpedia.org/resource/Ontario,http://dbpedia.org/ontology/Place,"('http://dbpedia.org/ontology/birthPlace', 32955)"
http://dbpedia.org/resource/Romance_in_the_Rain_(film),http://dbpedia.org/ontology/starring,http://dbpedia.org/resource/Esther_Ralston,http://dbpedia.org/ontology/Actor,"('http://dbpedia.org/ontology/starring', 208087)"
http://dbpedia.org/resource/Hector_Leonardo_Marinaro__7,http://dbpedia.org/ontology/team,http://dbpedia.org/resource/Toronto_Italia,http://dbpedia.org/ontology/SportsTeam,"('http://dbpedia.org/ontology/team', 54519)"
http://dbpedia.org/resource/Dushman_(1972_film),http://dbpedia.org/ontology/starring,http://dbpedia.org/resource/Meena_Kumari,http://dbpedia.org/ontology/Actor,"('http://dbpedia.org/ontology/starring', 213575)"
http://dbpedia.org/resource/Krankschaft,http://dbpedia.org/ontology/associatedMusicalArtist,http://dbpedia.org/resource/Hawkwind,http://dbpedia.org/ontology/MusicalArtist,"('http://dbpedia.org/ontology/associatedMusicalArtist', 1110)"
http://dbpedia.org/resource/Greenloaning,http://dbpedia.org/ontology/councilArea,http://dbpedia.org/resource/Perth_and_Kinross,http://dbpedia.org/ontology/PopulatedPlace,"('http://dbpedia.org/ontology/councilArea', 1660)"
http://dbpedia.org/resource/Razzmatazz_(song),http://dbpedia.org/ontology/writer,http://dbpedia.org/resource/Pulp_(band),http://dbpedia.org/ontology/Person,"('http://dbpedia.org/ontology/writer', 289)"
http://dbpedia.org/resource/Param_Vir_Chakra_(TV_series),http://dbpedia.org/ontology/starring,http://dbpedia.org/resource/Kanwaljit_Singh_(actor),http://dbpedia.org/ontology/Actor,"('http://dbpedia.org/ontology/starring', 217129)"
http://dbpedia.org/resource/The_Maze_(1953_film),http://dbpedia.org/ontology/starring,http://dbpedia.org/resource/Katherine_Emery,http://dbpedia.org/ontology/Actor,"('http://dbpedia.org/ontology/starring', 352302)"
http://dbpedia.org/resource/Bara_no_Konrei_~Mayonaka_ni_Kawashita_Yakusoku~,http://dbpedia.org/ontology/director,http://dbpedia.org/resource/Hiroyuki_Muto,http://dbpedia.org/ontology/Person,"('http://dbpedia.org/ontology/director', 4720)"
http://dbpedia.org/resource/Lucas_Alberto_Pereira_da_Silva,http://dbpedia.org/ontology/birthPlace,http://dbpedia.org/resource/Montes_Claros,http://dbpedia.org/ontology/Place,"('http://dbpedia.org/ontology/birthPlace', 74751)"
http://dbpedia.org/resource/Lindsay_Vallis,http://dbpedia.org/ontology/birthPlace,http://dbpedia.org/resource/Manitoba,http://dbpedia.org/ontology/Place,"('http://dbpedia.org/ontology/birthPlace', 26007)"
http://dbpedia.org/resource/The_Constant_Woman,http://dbpedia.org/ontology/starring,http://dbpedia.org/resource/Claire_Windsor,http://dbpedia.org/ontology/Actor,"('http://dbpedia.org/ontology/starring', 96125)"
http://dbpedia.org/resource/Saori_Atsumi,http://dbpedia.org/ontology/recordLabel,http://dbpedia.org/resource/Being_Inc.,http://dbpedia.org/ontology/RecordLabel,"('http://dbpedia.org/ontology/recordLabel', 38979)"
http://dbpedia.org/resource/Duncan_Hunter,http://dbpedia.org/ontology/region,http://dbpedia.org/resource/California's_45th_congressional_district,http://dbpedia.org/ontology/Place,"('http://dbpedia.org/ontology/region', 10655)"
http://dbpedia.org/resource/S7_(Rhine-Main_S-Bahn),http://dbpedia.org/ontology/owner,http://dbpedia.org/resource/Rhein-Main-Verkehrsverbund,http://dbpedia.org/ontology/Agent,"('http://dbpedia.org/ontology/owner', 4092)"
http://dbpedia.org/resource/Back_to_School_(Mini_Maggit),http://dbpedia.org/ontology/musicalArtist,http://dbpedia.org/resource/Deftones,http://dbpedia.org/ontology/MusicalArtist,"('http://dbpedia.org/ontology/musicalArtist', 5666)"
http://dbpedia.org/resource/Magdalena_Tul,http://dbpedia.org/ontology/hometown,http://dbpedia.org/resource/Poland,http://dbpedia.org/ontology/Settlement,"('http://dbpedia.org/ontology/hometown', 17780)"
http://dbpedia.org/resource/Kebabpizza_Slivovitza,http://dbpedia.org/ontology/writer,http://dbpedia.org/resource/Vlatko_Gicarevski,http://dbpedia.org/ontology/Person,"('http://dbpedia.org/ontology/writer', 23855)"
http://dbpedia.org/resource/Sherwood_Johnston,http://dbpedia.org/ontology/nationality,http://dbpedia.org/resource/Americans,http://dbpedia.org/ontology/Country,"('http://dbpedia.org/ontology/nationality', 20101)"
http://dbpedia.org/resource/U.S._Route_36,http://dbpedia.org/ontology/routeJunction,"http://dbpedia.org/resource/Sunbury,_Ohio",http://dbpedia.org/ontology/RouteOfTransportation,"('http://dbpedia.org/ontology/routeJunction', 9484)"
http://dbpedia.org/resource/Riograndense_Republic,http://dbpedia.org/ontology/governmentType,http://dbpedia.org/resource/Presidential_system,http://dbpedia.org/ontology/GovernmentType,"('http://dbpedia.org/ontology/governmentType', 1914)"
http://dbpedia.org/resource/Franzensfeste_Fortress,http://dbpedia.org/ontology/location,http://dbpedia.org/resource/Franzensfeste_Fortress__location__1,http://dbpedia.org/ontology/Place,"('http://dbpedia.org/ontology/location', 18990)"
http://dbpedia.org/resource/Benugo,http://dbpedia.org/ontology/owningCompany,http://dbpedia.org/resource/Westbury_Street_Holdings,http://dbpedia.org/ontology/Company,"('http://dbpedia.org/ontology/owningCompany', 3470)"
http://dbpedia.org/resource/Acronicta_lanceolaria,http://dbpedia.org/ontology/family,http://dbpedia.org/resource/Noctuidae,http://dbpedia.org/ontology/Species,"('http://dbpedia.org/ontology/family', 17216)"
http://dbpedia.org/resource/Disco_Fever_(film),http://dbpedia.org/ontology/starring,http://dbpedia.org/resource/Casey_Kasem,http://dbpedia.org/ontology/Actor,"('http://dbpedia.org/ontology/starring', 37379)"
http://dbpedia.org/resource/1970_Can-Am_season__19__1,http://dbpedia.org/ontology/team,http://dbpedia.org/resource/Earle-Cord_Racing,http://dbpedia.org/ontology/SportsTeam,"('http://dbpedia.org/ontology/team', 66521)"
http://dbpedia.org/resource/Guy_D'Artois,http://dbpedia.org/ontology/award,http://dbpedia.org/resource/Croix_de_guerre_1939–1945_(France),http://dbpedia.org/ontology/Award,"('http://dbpedia.org/ontology/award', 40667)"
http://dbpedia.org/resource/Kinjite:_Forbidden_Subjects,http://dbpedia.org/ontology/starring,http://dbpedia.org/resource/James_Pax,http://dbpedia.org/ontology/Actor,"('http://dbpedia.org/ontology/starring', 274027)"
http://dbpedia.org/resource/CHMZ-FM,http://dbpedia.org/ontology/city,http://dbpedia.org/resource/British_Columbia,http://dbpedia.org/ontology/City,"('http://dbpedia.org/ontology/city', 802)"
http://dbpedia.org/resource/Charles_McKeen,http://dbpedia.org/ontology/party,http://dbpedia.org/resource/United_Farmers_of_Alberta,http://dbpedia.org/ontology/PoliticalParty,"('http://dbpedia.org/ontology/party', 2536)"
http://dbpedia.org/resource/Jim_Beattie_(musician),http://dbpedia.org/ontology/associatedMusicalArtist,http://dbpedia.org/resource/Spirea_X,http://dbpedia.org/ontology/MusicalArtist,"('http://dbpedia.org/ontology/associatedMusicalArtist', 63112)"
http://dbpedia.org/resource/Moses_Williams_(Medal_of_Honor),http://dbpedia.org/ontology/restingPlace,http://dbpedia.org/resource/Fort_Vancouver_Military_Cemetery,http://dbpedia.org/ontology/Place,"('http://dbpedia.org/ontology/restingPlace', 6798)"
http://dbpedia.org/resource/Blanche_Devereaux,http://dbpedia.org/ontology/occupation,http://dbpedia.org/resource/Florida,http://dbpedia.org/ontology/PersonFunction,"('http://dbpedia.org/ontology/occupation', 19799)"
http://dbpedia.org/resource/Michelle_Leslie,http://dbpedia.org/ontology/occupation,http://dbpedia.org/resource/Model_(person),http://dbpedia.org/ontology/PersonFunction,"('http://dbpedia.org/ontology/occupation', 36017)"
http://dbpedia.org/resource/Dirk_Dammann__2,http://dbpedia.org/ontology/team,http://dbpedia.org/resource/VfL_Stade,http://dbpedia.org/ontology/SportsTeam,"('http://dbpedia.org/ontology/team', 83438)"
http://dbpedia.org/resource/David_A._Schauer,http://dbpedia.org/ontology/occupation,http://dbpedia.org/resource/Georgetown_University,http://dbpedia.org/ontology/PersonFunction,"('http://dbpedia.org/ontology/occupation', 42935)"
http://dbpedia.org/resource/Muhammad_Qasim_Maka,http://dbpedia.org/ontology/occupation,http://dbpedia.org/resource/Music_director,http://dbpedia.org/ontology/PersonFunction,"('http://dbpedia.org/ontology/occupation', 130525)"
http://dbpedia.org/resource/Gerald_Emmett_Carter,http://dbpedia.org/ontology/nationality,http://dbpedia.org/resource/Canadians,http://dbpedia.org/ontology/Country,"('http://dbpedia.org/ontology/nationality', 4270)"
http://dbpedia.org/resource/Todor_Gečevski__2,http://dbpedia.org/ontology/team,http://dbpedia.org/resource/KK_Gostivar,http://dbpedia.org/ontology/SportsTeam,"('http://dbpedia.org/ontology/team', 46623)"
http://dbpedia.org/resource/Ravindra_Natya_Grah,http://dbpedia.org/ontology/locationCountry,http://dbpedia.org/resource/Madhya_Pradesh,http://dbpedia.org/ontology/Country,"('http://dbpedia.org/ontology/locationCountry', 637)"
http://dbpedia.org/resource/Anjalika,http://dbpedia.org/ontology/starring,http://dbpedia.org/resource/Anarkali_Akarsha,http://dbpedia.org/ontology/Actor,"('http://dbpedia.org/ontology/starring', 250032)"
http://dbpedia.org/resource/Weldon_Humble,http://dbpedia.org/ontology/formerTeam,http://dbpedia.org/resource/Dallas_Texans_(NFL),http://dbpedia.org/ontology/SportsTeam,"('http://dbpedia.org/ontology/formerTeam', 1811)"
http://dbpedia.org/resource/Irupatham_Noottandu,http://dbpedia.org/ontology/starring,http://dbpedia.org/resource/Ambika_(actress),http://dbpedia.org/ontology/Actor,"('http://dbpedia.org/ontology/starring', 213863)"
http://dbpedia.org/resource/Jarrow_School,http://dbpedia.org/ontology/country,http://dbpedia.org/resource/England,http://dbpedia.org/ontology/Country,"('http://dbpedia.org/ontology/country', 10494)"
http://dbpedia.org/resource/Nagarpur_Union,http://dbpedia.org/ontology/leaderName,http://dbpedia.org/resource/Bangladesh_Awami_League,http://dbpedia.org/ontology/Person,"('http://dbpedia.org/ontology/leaderName', 1522)"
http://dbpedia.org/resource/Mowai,http://dbpedia.org/ontology/governmentType,http://dbpedia.org/resource/Panchayati_raj_(India),http://dbpedia.org/ontology/GovernmentType,"('http://dbpedia.org/ontology/governmentType', 5885)"
http://dbpedia.org/resource/Licciana_Nardi,http://dbpedia.org/ontology/frazioni,http://dbpedia.org/resource/Taponecco,http://dbpedia.org/ontology/PopulatedPlace,"('http://dbpedia.org/ontology/frazioni', 943)"
http://dbpedia.org/resource/P.J._Pacifico,http://dbpedia.org/ontology/associatedMusicalArtist,http://dbpedia.org/resource/Stephen_Kellogg_and_the_Sixers,http://dbpedia.org/ontology/MusicalArtist,"('http://dbpedia.org/ontology/associatedMusicalArtist', 36017)"
http://dbpedia.org/resource/Ron_Attwell,http://dbpedia.org/ontology/birthPlace,http://dbpedia.org/resource/Ontario,http://dbpedia.org/ontology/Place,"('http://dbpedia.org/ontology/birthPlace', 31732)"
http://dbpedia.org/resource/Sam_Coomes,http://dbpedia.org/ontology/instrument,http://dbpedia.org/resource/Keyboard_instrument,http://dbpedia.org/ontology/Instrument,"('http://dbpedia.org/ontology/instrument', 21963)"
http://dbpedia.org/resource/30_North_LaSalle,http://dbpedia.org/ontology/architect,http://dbpedia.org/resource/Thomas_E._Stanley,http://dbpedia.org/ontology/Architect,"('http://dbpedia.org/ontology/architect', 7425)"
http://dbpedia.org/resource/The_Bad_and_the_Beautiful,http://dbpedia.org/ontology/starring,http://dbpedia.org/resource/Kirk_Douglas,http://dbpedia.org/ontology/Actor,"('http://dbpedia.org/ontology/starring', 14841)"
http://dbpedia.org/resource/Antoinette_Perry,http://dbpedia.org/ontology/occupation,http://dbpedia.org/resource/American_Theatre_Wing,http://dbpedia.org/ontology/PersonFunction,"('http://dbpedia.org/ontology/occupation', 2826)"
http://dbpedia.org/resource/Marine_Aircraft_Group_14,http://dbpedia.org/ontology/garrison,http://dbpedia.org/resource/Marine_Corps_Air_Station_Cherry_Point,http://dbpedia.org/ontology/PopulatedPlace,"('http://dbpedia.org/ontology/garrison', 2962)"
http://dbpedia.org/resource/KF_Poliçani__Edison_Gorezi__1,http://dbpedia.org/ontology/currentMember,http://dbpedia.org/resource/Edison_Gorezi,http://dbpedia.org/ontology/Person,"('http://dbpedia.org/ontology/currentMember', 29137)"
http://dbpedia.org/resource/Mexican_Federal_Highway_81,http://dbpedia.org/ontology/routeStart,"http://dbpedia.org/resource/Llera,_Tamaulipas",http://dbpedia.org/ontology/RouteOfTransportation,"('http://dbpedia.org/ontology/routeStart', 15598)"
http://dbpedia.org/resource/Too_Fat_for_15:_Fighting_Back,http://dbpedia.org/ontology/genre,http://dbpedia.org/resource/Reality_television,http://dbpedia.org/ontology/Genre,"('http://dbpedia.org/ontology/genre', 24855)"
http://dbpedia.org/resource/Friedrich_Karl_Schmidt,http://dbpedia.org/ontology/doctoralStudent,http://dbpedia.org/resource/Ernst_A._Kunz,http://dbpedia.org/ontology/Person,"('http://dbpedia.org/ontology/doctoralStudent', 2056)"
http://dbpedia.org/resource/Christopher_Ward_(journalist),http://dbpedia.org/ontology/employer,http://dbpedia.org/resource/Daily_Mirror,http://dbpedia.org/ontology/Organisation,"('http://dbpedia.org/ontology/employer', 327)"
http://dbpedia.org/resource/Frou_Frou_(band),http://dbpedia.org/ontology/hometown,http://dbpedia.org/resource/United_Kingdom,http://dbpedia.org/ontology/Settlement,"('http://dbpedia.org/ontology/hometown', 22335)"
http://dbpedia.org/resource/Deivathin_Deivam,http://dbpedia.org/ontology/starring,http://dbpedia.org/resource/S._V._Ranga_Rao,http://dbpedia.org/ontology/Actor,"('http://dbpedia.org/ontology/starring', 126458)"
http://dbpedia.org/resource/That's_When_I_Love_You,http://dbpedia.org/ontology/musicalBand,http://dbpedia.org/resource/Phil_Vassar,http://dbpedia.org/ontology/Band,"('http://dbpedia.org/ontology/musicalBand', 15482)"
http://dbpedia.org/resource/Flanders_F.4,http://dbpedia.org/ontology/manufacturer,http://dbpedia.org/resource/Howard_Flanders,http://dbpedia.org/ontology/Organisation,"('http://dbpedia.org/ontology/manufacturer', 4256)"
http://dbpedia.org/resource/Interstate_15_in_Utah,http://dbpedia.org/ontology/routeJunction,"http://dbpedia.org/resource/Lehi,_Utah",http://dbpedia.org/ontology/RouteOfTransportation,"('http://dbpedia.org/ontology/routeJunction', 12302)"
http://dbpedia.org/resource/No_Marriage_Ties,http://dbpedia.org/ontology/starring,http://dbpedia.org/resource/Doris_Kenyon,http://dbpedia.org/ontology/Actor,"('http://dbpedia.org/ontology/starring', 295540)"
http://dbpedia.org/resource/WJBX,http://dbpedia.org/ontology/city,"http://dbpedia.org/resource/North_Fort_Myers,_Florida",http://dbpedia.org/ontology/City,"('http://dbpedia.org/ontology/city', 17999)"
http://dbpedia.org/resource/Horst_Dohlus,http://dbpedia.org/ontology/occupation,http://dbpedia.org/resource/Politician,http://dbpedia.org/ontology/PersonFunction,"('http://dbpedia.org/ontology/occupation', 95093)"
http://dbpedia.org/resource/Miastko,http://dbpedia.org/ontology/leaderName,http://dbpedia.org/resource/Roman_Ramion,http://dbpedia.org/ontology/Person,"('http://dbpedia.org/ontology/leaderName', 5848)"
http://dbpedia.org/resource/Oboieni_River,http://dbpedia.org/ontology/sourceMountain,http://dbpedia.org/resource/Bârgău_Mountains,http://dbpedia.org/ontology/Mountain,"('http://dbpedia.org/ontology/sourceMountain', 4291)"
http://dbpedia.org/resource/Ponterosa,http://dbpedia.org/ontology/language,http://dbpedia.org/resource/Finland,http://dbpedia.org/ontology/Language,"('http://dbpedia.org/ontology/language', 1618)"
http://dbpedia.org/resource/Mount_Engelhard,http://dbpedia.org/ontology/locatedInArea,http://dbpedia.org/resource/Alberta,http://dbpedia.org/ontology/Place,"('http://dbpedia.org/ontology/locatedInArea', 27)"
http://dbpedia.org/resource/Matt_Cardle,http://dbpedia.org/ontology/birthPlace,http://dbpedia.org/resource/England,http://dbpedia.org/ontology/Place,"('http://dbpedia.org/ontology/birthPlace', 14108)"
http://dbpedia.org/resource/D121_road_(Croatia),http://dbpedia.org/ontology/city,http://dbpedia.org/resource/Tisno,http://dbpedia.org/ontology/City,"('http://dbpedia.org/ontology/city', 51751)"
http://dbpedia.org/resource/Late_Night_Tales:_Friendly_Fires,http://dbpedia.org/ontology/genre,http://dbpedia.org/resource/Electronic_music,http://dbpedia.org/ontology/Genre,"('http://dbpedia.org/ontology/genre', 7489)"
http://dbpedia.org/resource/Penguins_of_Madagascar,http://dbpedia.org/ontology/starring,http://dbpedia.org/resource/Benedict_Cumberbatch,http://dbpedia.org/ontology/Actor,"('http://dbpedia.org/ontology/starring', 206754)"
http://dbpedia.org/resource/Pride_(High_and_Mighty_Color_song),http://dbpedia.org/ontology/musicalArtist,http://dbpedia.org/resource/High_and_Mighty_Color,http://dbpedia.org/ontology/MusicalArtist,"('http://dbpedia.org/ontology/musicalArtist', 20729)"
http://dbpedia.org/resource/T._J._Fast,http://dbpedia.org/ontology/birthPlace,http://dbpedia.org/resource/Alberta,http://dbpedia.org/ontology/Place,"('http://dbpedia.org/ontology/birthPlace', 1387)"
http://dbpedia.org/resource/Caldy_Rugby_Football_Club,http://dbpedia.org/ontology/location,http://dbpedia.org/resource/England,http://dbpedia.org/ontology/Place,"('http://dbpedia.org/ontology/location', 28835)"
http://dbpedia.org/resource/Sundhara_Travels,http://dbpedia.org/ontology/starring,http://dbpedia.org/resource/Vadivelu,http://dbpedia.org/ontology/Actor,"('http://dbpedia.org/ontology/starring', 180880)"
http://dbpedia.org/resource/Street_Kings,http://dbpedia.org/ontology/musicComposer,http://dbpedia.org/resource/Graeme_Revell,http://dbpedia.org/ontology/MusicalArtist,"('http://dbpedia.org/ontology/musicComposer', 13871)"
"http://dbpedia.org/resource/McClain_High_School_(Greenfield,_Ohio)",http://dbpedia.org/ontology/city,"http://dbpedia.org/resource/Greenfield,_Ohio",http://dbpedia.org/ontology/City,"('http://dbpedia.org/ontology/city', 22033)"
"http://dbpedia.org/resource/Mars,_Loire",http://dbpedia.org/ontology/intercommunality,http://dbpedia.org/resource/Communauté_de_communes_Le_Pays_de_Charlieu,http://dbpedia.org/ontology/PopulatedPlace,"('http://dbpedia.org/ontology/intercommunality', 4802)"
http://dbpedia.org/resource/Civic_Party_of_Montreal,http://dbpedia.org/ontology/ideology,http://dbpedia.org/resource/Populism,http://dbpedia.org/ontology/Ideology,"('http://dbpedia.org/ontology/ideology', 4113)"
http://dbpedia.org/resource/Corethrobela,http://dbpedia.org/ontology/family,http://dbpedia.org/resource/Noctuidae,http://dbpedia.org/ontology/Species,"('http://dbpedia.org/ontology/family', 19352)"
http://dbpedia.org/resource/John_Szczerbanik,http://dbpedia.org/ontology/occupation,http://dbpedia.org/resource/Registered_nurse,http://dbpedia.org/ontology/PersonFunction,"('http://dbpedia.org/ontology/occupation', 100219)"
http://dbpedia.org/resource/Ashton_Rome,http://dbpedia.org/ontology/birthPlace,"http://dbpedia.org/resource/Nesbitt,_Manitoba",http://dbpedia.org/ontology/Place,"('http://dbpedia.org/ontology/birthPlace', 80498)"
http://dbpedia.org/resource/William_Johnstone_Milne,http://dbpedia.org/ontology/award,http://dbpedia.org/resource/Victoria_Cross,http://dbpedia.org/ontology/Award,"('http://dbpedia.org/ontology/award', 30103)"
http://dbpedia.org/resource/WXLL,http://dbpedia.org/ontology/city,"http://dbpedia.org/resource/Lake_Placid,_New_York",http://dbpedia.org/ontology/City,"('http://dbpedia.org/ontology/city', 21113)"
http://dbpedia.org/resource/John_U._D._Page,http://dbpedia.org/ontology/restingPlace,http://dbpedia.org/resource/Arlington_National_Cemetery,http://dbpedia.org/ontology/Place,"('http://dbpedia.org/ontology/restingPlace', 1031)"
http://dbpedia.org/resource/Peter_the_Pirate,http://dbpedia.org/ontology/producer,http://dbpedia.org/resource/Erich_Pommer,http://dbpedia.org/ontology/Agent,"('http://dbpedia.org/ontology/producer', 22961)"
http://dbpedia.org/resource/Tito_&_Tarantula,http://dbpedia.org/ontology/formerBandMember,http://dbpedia.org/resource/Steven_Hufsteter,http://dbpedia.org/ontology/Person,"('http://dbpedia.org/ontology/formerBandMember', 3630)"
http://dbpedia.org/resource/Amsterdam_Heavy,http://dbpedia.org/ontology/starring,http://dbpedia.org/resource/Fajah_Lourens,http://dbpedia.org/ontology/Actor,"('http://dbpedia.org/ontology/starring', 274651)"
http://dbpedia.org/resource/Drylanders,http://dbpedia.org/ontology/cinematography,http://dbpedia.org/resource/Reginald_H._Morris,http://dbpedia.org/ontology/Person,"('http://dbpedia.org/ontology/cinematography', 2737)"
http://dbpedia.org/resource/Adventures_of_Yogi_Bear,http://dbpedia.org/ontology/developer,http://dbpedia.org/resource/Blue_Turtle,http://dbpedia.org/ontology/Agent,"('http://dbpedia.org/ontology/developer', 3155)"
http://dbpedia.org/resource/Westquarter,http://dbpedia.org/ontology/lieutenancyArea,http://dbpedia.org/resource/Stirling_and_Falkirk,http://dbpedia.org/ontology/PopulatedPlace,"('http://dbpedia.org/ontology/lieutenancyArea', 874)"
"http://dbpedia.org/resource/Christ_Church,_Pennington",http://dbpedia.org/ontology/location,"http://dbpedia.org/resource/Pennington,_Greater_Manchester",http://dbpedia.org/ontology/Place,"('http://dbpedia.org/ontology/location', 25356)"
http://dbpedia.org/resource/Russ_Rankin,http://dbpedia.org/ontology/occupation,http://dbpedia.org/resource/Songwriter,http://dbpedia.org/ontology/PersonFunction,"('http://dbpedia.org/ontology/occupation', 48001)"
http://dbpedia.org/resource/Ken_Watson,http://dbpedia.org/ontology/birthPlace,http://dbpedia.org/resource/Manitoba,http://dbpedia.org/ontology/Place,"('http://dbpedia.org/ontology/birthPlace', 25598)"
http://dbpedia.org/resource/Buffalo_Sunn,http://dbpedia.org/ontology/bandMember,http://dbpedia.org/resource/Nathan_Maher,http://dbpedia.org/ontology/Person,"('http://dbpedia.org/ontology/bandMember', 10060)"
http://dbpedia.org/resource/Punpun_River,http://dbpedia.org/ontology/city,"http://dbpedia.org/resource/Obra,_Bihar",http://dbpedia.org/ontology/City,"('http://dbpedia.org/ontology/city', 46898)"
http://dbpedia.org/resource/SC_Farim__Meliho_Nuamga__1,http://dbpedia.org/ontology/currentMember,http://dbpedia.org/resource/Meliho_Nuamga,http://dbpedia.org/ontology/Person,"('http://dbpedia.org/ontology/currentMember', 37040)"
http://dbpedia.org/resource/Monster_Force,http://dbpedia.org/ontology/voice,http://dbpedia.org/resource/Paul_Haddad,http://dbpedia.org/ontology/Person,"('http://dbpedia.org/ontology/voice', 480)"
http://dbpedia.org/resource/Matthew_Dixon_(British_Army_officer),http://dbpedia.org/ontology/award,http://dbpedia.org/resource/Victoria_Cross,http://dbpedia.org/ontology/Award,"('http://dbpedia.org/ontology/award', 29736)"
http://dbpedia.org/resource/Take_Your_Chance,http://dbpedia.org/ontology/musicalArtist,http://dbpedia.org/resource/Fun_Factory_(band),http://dbpedia.org/ontology/MusicalArtist,"('http://dbpedia.org/ontology/musicalArtist', 16724)"
http://dbpedia.org/resource/Gomora_(moth),http://dbpedia.org/ontology/family,http://dbpedia.org/resource/Noctuidae,http://dbpedia.org/ontology/Species,"('http://dbpedia.org/ontology/family', 15356)"
http://dbpedia.org/resource/Yankee_(ferry)__Machigonne__1,http://dbpedia.org/ontology/location,http://dbpedia.org/resource/North_River_(Hudson_River),http://dbpedia.org/ontology/Place,"('http://dbpedia.org/ontology/location', 41814)"
http://dbpedia.org/resource/Valley_of_Flowers_(film),http://dbpedia.org/ontology/starring,http://dbpedia.org/resource/Eri_(Japanese_model),http://dbpedia.org/ontology/Actor,"('http://dbpedia.org/ontology/starring', 374020)"
http://dbpedia.org/resource/NPS:_No_puede_ser,http://dbpedia.org/ontology/starring,http://dbpedia.org/resource/Sheryl_Rubio,http://dbpedia.org/ontology/Actor,"('http://dbpedia.org/ontology/starring', 277756)"
http://dbpedia.org/resource/Rebeca_(telenovela),http://dbpedia.org/ontology/starring,http://dbpedia.org/resource/Gaby_Espino,http://dbpedia.org/ontology/Actor,"('http://dbpedia.org/ontology/starring', 218072)"
http://dbpedia.org/resource/List_of_Serbian_football_transfers_summer_2016,http://dbpedia.org/ontology/currentMember,http://dbpedia.org/resource/Miloš_Milojević_(footballer),http://dbpedia.org/ontology/Person,"('http://dbpedia.org/ontology/currentMember', 83090)"
http://dbpedia.org/resource/Schweizer_SGU_1-7,http://dbpedia.org/ontology/designer,http://dbpedia.org/resource/Schweizer_brothers,http://dbpedia.org/ontology/Person,"('http://dbpedia.org/ontology/designer', 560)"
http://dbpedia.org/resource/Blair_Thornton,http://dbpedia.org/ontology/associatedBand,http://dbpedia.org/resource/Crosstown_Bus,http://dbpedia.org/ontology/Band,"('http://dbpedia.org/ontology/associatedBand', 57471)"
http://dbpedia.org/resource/Cox_Communications,http://dbpedia.org/ontology/keyPerson,http://dbpedia.org/resource/Chairman,http://dbpedia.org/ontology/Person,"('http://dbpedia.org/ontology/keyPerson', 4945)"
http://dbpedia.org/resource/Lewis_Palfrey,http://dbpedia.org/ontology/formerTeam,http://dbpedia.org/resource/Whitehaven_RLFC,http://dbpedia.org/ontology/SportsTeam,"('http://dbpedia.org/ontology/formerTeam', 13323)"
http://dbpedia.org/resource/Fontaine-Milon,http://dbpedia.org/ontology/intercommunality,http://dbpedia.org/resource/Communauté_de_communes_de_Beaufort-en-Anjou,http://dbpedia.org/ontology/PopulatedPlace,"('http://dbpedia.org/ontology/intercommunality', 5187)"
http://dbpedia.org/resource/George_Simpson_(Australian_politician),http://dbpedia.org/ontology/region,http://dbpedia.org/resource/Electoral_district_of_Geraldton,http://dbpedia.org/ontology/Place,"('http://dbpedia.org/ontology/region', 8605)"
http://dbpedia.org/resource/Imperial_Council_(Austria),http://dbpedia.org/ontology/location,http://dbpedia.org/resource/Austrian_Parliament_Building,http://dbpedia.org/ontology/Place,"('http://dbpedia.org/ontology/location', 2149)"
http://dbpedia.org/resource/Stubbe_–_Von_Fall_zu_Fall,http://dbpedia.org/ontology/starring,http://dbpedia.org/resource/Stephanie_Stumph,http://dbpedia.org/ontology/Actor,"('http://dbpedia.org/ontology/starring', 267881)"
http://dbpedia.org/resource/Worms_(film),http://dbpedia.org/ontology/starring,http://dbpedia.org/resource/Rita_Lee,http://dbpedia.org/ontology/Actor,"('http://dbpedia.org/ontology/starring', 160789)"
http://dbpedia.org/resource/Robert_Satcher,http://dbpedia.org/ontology/mission,http://dbpedia.org/resource/STS-129,http://dbpedia.org/ontology/SpaceMission,"('http://dbpedia.org/ontology/mission', 1148)"
http://dbpedia.org/resource/Tsuyoshi_Kunieda,http://dbpedia.org/ontology/team,http://dbpedia.org/resource/Chuo_University,http://dbpedia.org/ontology/SportsTeam,"('http://dbpedia.org/ontology/team', 22385)"
http://dbpedia.org/resource/Praia_da_Rocha_Baixinha,http://dbpedia.org/ontology/municipality,http://dbpedia.org/resource/Albufeira_Municipality,http://dbpedia.org/ontology/PopulatedPlace,"('http://dbpedia.org/ontology/municipality', 297)"
http://dbpedia.org/resource/Adam_Ben_Ezra,http://dbpedia.org/ontology/associatedMusicalArtist,http://dbpedia.org/resource/Daniel_Casares,http://dbpedia.org/ontology/MusicalArtist,"('http://dbpedia.org/ontology/associatedMusicalArtist', 83300)"
http://dbpedia.org/resource/Ian_Anderson_(Scottish_footballer),http://dbpedia.org/ontology/birthPlace,http://dbpedia.org/resource/Scotland,http://dbpedia.org/ontology/Place,"('http://dbpedia.org/ontology/birthPlace', 38157)"
http://dbpedia.org/resource/Aer_Lualdi_L.57,http://dbpedia.org/ontology/manufacturer,http://dbpedia.org/resource/Aer_Lualdi,http://dbpedia.org/ontology/Organisation,"('http://dbpedia.org/ontology/manufacturer', 196)"
http://dbpedia.org/resource/A._J._P._Taylor,http://dbpedia.org/ontology/stateOfOrigin,http://dbpedia.org/resource/England,http://dbpedia.org/ontology/Country,"('http://dbpedia.org/ontology/stateOfOrigin', 129)"
http://dbpedia.org/resource/Claude_de_La_Baume,http://dbpedia.org/ontology/deathPlace,http://dbpedia.org/resource/Arbois_(disambiguation),http://dbpedia.org/ontology/Place,"('http://dbpedia.org/ontology/deathPlace', 23454)"
http://dbpedia.org/resource/John_Vincent_Holland,http://dbpedia.org/ontology/award,http://dbpedia.org/resource/Victoria_Cross,http://dbpedia.org/ontology/Award,"('http://dbpedia.org/ontology/award', 29962)"
http://dbpedia.org/resource/Kazimierz_Pułaski_University_of_Technology_and_Humanities_in_Radom,http://dbpedia.org/ontology/sport,http://dbpedia.org/resource/AZS_Politechnika_Radomska,http://dbpedia.org/ontology/Sport,"('http://dbpedia.org/ontology/sport', 861)"
"http://dbpedia.org/resource/Hawaii,_Oslo",http://dbpedia.org/ontology/distributor,http://dbpedia.org/resource/Paradox_Spillefilm,http://dbpedia.org/ontology/Organisation,"('http://dbpedia.org/ontology/distributor', 8273)"
http://dbpedia.org/resource/Weekly_Shonen_Jump_(magazine),http://dbpedia.org/ontology/genre,http://dbpedia.org/resource/Manga,http://dbpedia.org/ontology/Genre,"('http://dbpedia.org/ontology/genre', 12933)"
http://dbpedia.org/resource/Sandi_A._Hohn,http://dbpedia.org/ontology/recordLabel,http://dbpedia.org/resource/Rock_Records,http://dbpedia.org/ontology/RecordLabel,"('http://dbpedia.org/ontology/recordLabel', 16016)"
http://dbpedia.org/resource/1977–78_Stoke_City_F.C._season,http://dbpedia.org/ontology/homeStadium,http://dbpedia.org/resource/Victoria_Ground,http://dbpedia.org/ontology/Stadium,"('http://dbpedia.org/ontology/homeStadium', 1003)"
http://dbpedia.org/resource/Juno_(film),http://dbpedia.org/ontology/starring,http://dbpedia.org/resource/Jennifer_Garner,http://dbpedia.org/ontology/Actor,"('http://dbpedia.org/ontology/starring', 128832)"
http://dbpedia.org/resource/Neptune_High_School,http://dbpedia.org/ontology/city,"http://dbpedia.org/resource/Neptune_Township,_New_Jersey",http://dbpedia.org/ontology/City,"('http://dbpedia.org/ontology/city', 20828)"
http://dbpedia.org/resource/FA_Youth_Cup_Finals_of_the_1960s,http://dbpedia.org/ontology/currentMember,http://dbpedia.org/resource/Doug_Baker_(footballer),http://dbpedia.org/ontology/Person,"('http://dbpedia.org/ontology/currentMember', 36763)"
http://dbpedia.org/resource/James_H._Polk,http://dbpedia.org/ontology/award,http://dbpedia.org/resource/Silver_Star,http://dbpedia.org/ontology/Award,"('http://dbpedia.org/ontology/award', 6615)"
http://dbpedia.org/resource/Terry_Serepisos,http://dbpedia.org/ontology/nationality,http://dbpedia.org/resource/New_Zealand_nationality_law,http://dbpedia.org/ontology/Country,"('http://dbpedia.org/ontology/nationality', 15371)"
http://dbpedia.org/resource/Petra_Taušová__2,http://dbpedia.org/ontology/team,http://dbpedia.org/resource/SK_Belec,http://dbpedia.org/ontology/SportsTeam,"('http://dbpedia.org/ontology/team', 81392)"
http://dbpedia.org/resource/Ohio_State_Route_257,http://dbpedia.org/ontology/routeEnd,"http://dbpedia.org/resource/Prospect,_Ohio",http://dbpedia.org/ontology/RouteOfTransportation,"('http://dbpedia.org/ontology/routeEnd', 6000)"
http://dbpedia.org/resource/Golden_Mountains_(film),http://dbpedia.org/ontology/cinematography,http://dbpedia.org/resource/Iosif_Martov,http://dbpedia.org/ontology/Person,"('http://dbpedia.org/ontology/cinematography', 2758)"
http://dbpedia.org/resource/Walgreens_Boots_Alliance,http://dbpedia.org/ontology/subsidiary,http://dbpedia.org/resource/Farmacias_Ahumada,http://dbpedia.org/ontology/Company,"('http://dbpedia.org/ontology/subsidiary', 1630)"
http://dbpedia.org/resource/Skowa,http://dbpedia.org/ontology/occupation,http://dbpedia.org/resource/Guitarist,http://dbpedia.org/ontology/PersonFunction,"('http://dbpedia.org/ontology/occupation', 86180)"
http://dbpedia.org/resource/Cafe_Colette,http://dbpedia.org/ontology/starring,http://dbpedia.org/resource/Sally_Gray,http://dbpedia.org/ontology/Actor,"('http://dbpedia.org/ontology/starring', 189302)"
http://dbpedia.org/resource/Military_Academy_of_the_Bolivarian_Aviation,http://dbpedia.org/ontology/city,http://dbpedia.org/resource/Maracay,http://dbpedia.org/ontology/City,"('http://dbpedia.org/ontology/city', 42027)"
http://dbpedia.org/resource/La_sonrisa_del_Diablo,http://dbpedia.org/ontology/starring,http://dbpedia.org/resource/Rebecca_Jones,http://dbpedia.org/ontology/Actor,"('http://dbpedia.org/ontology/starring', 255084)"
http://dbpedia.org/resource/Leen_Verbeek,http://dbpedia.org/ontology/almaMater,http://dbpedia.org/resource/Academy_for_Educational_Labour,http://dbpedia.org/ontology/EducationalInstitution,"('http://dbpedia.org/ontology/almaMater', 2613)"
http://dbpedia.org/resource/Amadaiya_Rennie,http://dbpedia.org/ontology/team,http://dbpedia.org/resource/Liberia_under-20_national_football_team,http://dbpedia.org/ontology/SportsTeam,"('http://dbpedia.org/ontology/team', 79014)"
http://dbpedia.org/resource/Our_Little_Family,http://dbpedia.org/ontology/genre,http://dbpedia.org/resource/Reality_television,http://dbpedia.org/ontology/Genre,"('http://dbpedia.org/ontology/genre', 24670)"
http://dbpedia.org/resource/Citizen_AA__Ma_Ka_Ki__1,http://dbpedia.org/ontology/currentMember,http://dbpedia.org/resource/Ma_Ka_Ki,http://dbpedia.org/ontology/Person,"('http://dbpedia.org/ontology/currentMember', 9940)"
http://dbpedia.org/resource/The_Boy_in_the_Bush,http://dbpedia.org/ontology/starring,http://dbpedia.org/resource/Sigrid_Thornton,http://dbpedia.org/ontology/Actor,"('http://dbpedia.org/ontology/starring', 74824)"
http://dbpedia.org/resource/Barry_Weeks,http://dbpedia.org/ontology/genre,http://dbpedia.org/resource/Christian_music,http://dbpedia.org/ontology/Genre,"('http://dbpedia.org/ontology/genre', 59530)"
http://dbpedia.org/resource/Susan_of_Albania,http://dbpedia.org/ontology/restingPlace,http://dbpedia.org/resource/Tirana,http://dbpedia.org/ontology/Place,"('http://dbpedia.org/ontology/restingPlace', 234)"
http://dbpedia.org/resource/Parash_Pathar,http://dbpedia.org/ontology/starring,http://dbpedia.org/resource/Pahari_Sanyal,http://dbpedia.org/ontology/Actor,"('http://dbpedia.org/ontology/starring', 331093)"
http://dbpedia.org/resource/Waiting_(Fun_Boy_Three_album),http://dbpedia.org/ontology/recordedIn,http://dbpedia.org/resource/Wessex_Sound_Studios,http://dbpedia.org/ontology/PopulatedPlace,"('http://dbpedia.org/ontology/recordedIn', 8305)"
http://dbpedia.org/resource/C.D._Olmedo__Klever_Triviño__1,http://dbpedia.org/ontology/currentMember,http://dbpedia.org/resource/Klever_Triviño,http://dbpedia.org/ontology/Person,"('http://dbpedia.org/ontology/currentMember', 5829)"
http://dbpedia.org/resource/Elephant_Walk,http://dbpedia.org/ontology/producer,http://dbpedia.org/resource/Irving_Asher,http://dbpedia.org/ontology/Agent,"('http://dbpedia.org/ontology/producer', 25193)"
http://dbpedia.org/resource/Racing_Beirut,http://dbpedia.org/ontology/ground,http://dbpedia.org/resource/Bourj_Hammoud_Stadium,http://dbpedia.org/ontology/Place,"('http://dbpedia.org/ontology/ground', 3629)"
http://dbpedia.org/resource/Vico_nel_Lazio,http://dbpedia.org/ontology/province,http://dbpedia.org/resource/Province_of_Frosinone,http://dbpedia.org/ontology/Province,"('http://dbpedia.org/ontology/province', 5127)"
http://dbpedia.org/resource/D.King,http://dbpedia.org/ontology/hometown,http://dbpedia.org/resource/Maryland,http://dbpedia.org/ontology/Settlement,"('http://dbpedia.org/ontology/hometown', 13238)"
http://dbpedia.org/resource/Cycling_at_the_1984_Summer_Olympics_–_Men's_individual_pursuit,http://dbpedia.org/ontology/nextEvent,http://dbpedia.org/resource/Cycling_at_the_1988_Summer_Olympics_–_Men's_individual_pursuit,http://dbpedia.org/ontology/Event,"('http://dbpedia.org/ontology/nextEvent', 74)"
http://dbpedia.org/resource/Merlin_Mann,http://dbpedia.org/ontology/occupation,http://dbpedia.org/resource/Podcast,http://dbpedia.org/ontology/PersonFunction,"('http://dbpedia.org/ontology/occupation', 63207)"
http://dbpedia.org/resource/R160_road_(Ireland),http://dbpedia.org/ontology/routeStart,http://dbpedia.org/resource/R933_road_(Ireland),http://dbpedia.org/ontology/RouteOfTransportation,"('http://dbpedia.org/ontology/routeStart', 18261)"
http://dbpedia.org/resource/Black_Francis,http://dbpedia.org/ontology/associatedMusicalArtist,http://dbpedia.org/resource/Paley_&_Francis,http://dbpedia.org/ontology/MusicalArtist,"('http://dbpedia.org/ontology/associatedMusicalArtist', 72973)"
http://dbpedia.org/resource/DiResta,http://dbpedia.org/ontology/starring,http://dbpedia.org/resource/John_DiResta,http://dbpedia.org/ontology/Actor,"('http://dbpedia.org/ontology/starring', 127644)"
http://dbpedia.org/resource/Elena_Butnaru,http://dbpedia.org/ontology/club,http://dbpedia.org/resource/Pallavolo_Palermo,http://dbpedia.org/ontology/SportsTeam,"('http://dbpedia.org/ontology/club', 4574)"
http://dbpedia.org/resource/Sliema_Batteries,http://dbpedia.org/ontology/location,http://dbpedia.org/resource/Sliema_Batteries__location__1,http://dbpedia.org/ontology/Place,"('http://dbpedia.org/ontology/location', 39705)"
http://dbpedia.org/resource/Elvir_Kafedžić,http://dbpedia.org/ontology/team,http://dbpedia.org/resource/Chicago_Storm,http://dbpedia.org/ontology/SportsTeam,"('http://dbpedia.org/ontology/team', 12349)"
http://dbpedia.org/resource/Edwin_Hayne,http://dbpedia.org/ontology/award,http://dbpedia.org/resource/Distinguished_Service_Cross_(United_Kingdom),http://dbpedia.org/ontology/Award,"('http://dbpedia.org/ontology/award', 21420)"
http://dbpedia.org/resource/J._Wells,http://dbpedia.org/ontology/associatedBand,http://dbpedia.org/resource/Xzibit,http://dbpedia.org/ontology/Band,"('http://dbpedia.org/ontology/associatedBand', 43417)"
http://dbpedia.org/resource/Ronnie_de_Mel,http://dbpedia.org/ontology/occupation,http://dbpedia.org/resource/Politics,http://dbpedia.org/ontology/PersonFunction,"('http://dbpedia.org/ontology/occupation', 114563)"
http://dbpedia.org/resource/Jake_Clemons,http://dbpedia.org/ontology/instrument,http://dbpedia.org/resource/Saxophone,http://dbpedia.org/ontology/Instrument,"('http://dbpedia.org/ontology/instrument', 34783)"
http://dbpedia.org/resource/The_Story_of_the_Olive,http://dbpedia.org/ontology/language,http://dbpedia.org/resource/Silent_film,http://dbpedia.org/ontology/Language,"('http://dbpedia.org/ontology/language', 6090)"
http://dbpedia.org/resource/Anthea_Group,http://dbpedia.org/ontology/keyPerson,http://dbpedia.org/resource/Chairman,http://dbpedia.org/ontology/Person,"('http://dbpedia.org/ontology/keyPerson', 6995)"
http://dbpedia.org/resource/Oblivion_(band),http://dbpedia.org/ontology/recordLabel,http://dbpedia.org/resource/Sinister_Label,http://dbpedia.org/ontology/RecordLabel,"('http://dbpedia.org/ontology/recordLabel', 51047)"
"http://dbpedia.org/resource/Addi,_Punjab",http://dbpedia.org/ontology/governmentType,http://dbpedia.org/resource/Panchayati_raj_(India),http://dbpedia.org/ontology/GovernmentType,"('http://dbpedia.org/ontology/governmentType', 5992)"
http://dbpedia.org/resource/Herkes_Kendi_Evinde,http://dbpedia.org/ontology/language,http://dbpedia.org/resource/Turkey,http://dbpedia.org/ontology/Language,"('http://dbpedia.org/ontology/language', 10365)"
http://dbpedia.org/resource/Vittorio_Arrigoni,http://dbpedia.org/ontology/occupation,http://dbpedia.org/resource/International_Solidarity_Movement,http://dbpedia.org/ontology/PersonFunction,"('http://dbpedia.org/ontology/occupation', 102676)"
http://dbpedia.org/resource/Branco_Mello,http://dbpedia.org/ontology/associatedMusicalArtist,http://dbpedia.org/resource/Trio_Mamão,http://dbpedia.org/ontology/MusicalArtist,"('http://dbpedia.org/ontology/associatedMusicalArtist', 77971)"
http://dbpedia.org/resource/Vincent_Perrot,http://dbpedia.org/ontology/occupation,http://dbpedia.org/resource/Drag_racing,http://dbpedia.org/ontology/PersonFunction,"('http://dbpedia.org/ontology/occupation', 105903)"
http://dbpedia.org/resource/EYeka,http://dbpedia.org/ontology/locationCity,http://dbpedia.org/resource/Paris,http://dbpedia.org/ontology/City,"('http://dbpedia.org/ontology/locationCity', 3898)"
http://dbpedia.org/resource/Dick's_Sporting_Goods_Park,http://dbpedia.org/ontology/tenant,http://dbpedia.org/resource/Denver_Dream_(football),http://dbpedia.org/ontology/Organisation,"('http://dbpedia.org/ontology/tenant', 1338)"
http://dbpedia.org/resource/Ira_Bowman,http://dbpedia.org/ontology/college,http://dbpedia.org/resource/Providence_Friars_men's_basketball,http://dbpedia.org/ontology/EducationalInstitution,"('http://dbpedia.org/ontology/college', 3933)"
http://dbpedia.org/resource/Game_Doctors,http://dbpedia.org/ontology/foundationPlace,"http://dbpedia.org/resource/Germany,_Bielefeld",http://dbpedia.org/ontology/City,"('http://dbpedia.org/ontology/foundationPlace', 6140)"
http://dbpedia.org/resource/1950_24_Hours_of_Le_Mans__21__1,http://dbpedia.org/ontology/manufacturer,http://dbpedia.org/resource/Aero_(automobile),http://dbpedia.org/ontology/Organisation,"('http://dbpedia.org/ontology/manufacturer', 2412)"
http://dbpedia.org/resource/Reliance_Anil_Dhirubhai_Ambani_Group,http://dbpedia.org/ontology/locationCity,http://dbpedia.org/resource/Navi_Mumbai,http://dbpedia.org/ontology/City,"('http://dbpedia.org/ontology/locationCity', 9912)"
http://dbpedia.org/resource/Manchester_Mesivta_School,http://dbpedia.org/ontology/country,http://dbpedia.org/resource/England,http://dbpedia.org/ontology/Country,"('http://dbpedia.org/ontology/country', 11765)"
http://dbpedia.org/resource/Majestic_(band),http://dbpedia.org/ontology/associatedMusicalArtist,http://dbpedia.org/resource/Silver_Seraph_(band),http://dbpedia.org/ontology/MusicalArtist,"('http://dbpedia.org/ontology/associatedMusicalArtist', 41704)"
http://dbpedia.org/resource/Now_is_the_Hour_(TV_series),http://dbpedia.org/ontology/starring,http://dbpedia.org/resource/Andrei_Frolov,http://dbpedia.org/ontology/Actor,"('http://dbpedia.org/ontology/starring', 383156)"
http://dbpedia.org/resource/Shenzhen_International_Holdings,http://dbpedia.org/ontology/parentCompany,http://dbpedia.org/resource/Shenzhen_Investment_Holding_Corporation,http://dbpedia.org/ontology/Company,"('http://dbpedia.org/ontology/parentCompany', 1278)"
http://dbpedia.org/resource/One_Way_Out_(TV_series),http://dbpedia.org/ontology/starring,http://dbpedia.org/resource/Jonathan_Goodwin_(escapologist),http://dbpedia.org/ontology/Actor,"('http://dbpedia.org/ontology/starring', 209845)"
http://dbpedia.org/resource/List_of_Latvian_football_transfers_summer_2011,http://dbpedia.org/ontology/currentMember,http://dbpedia.org/resource/Nukri_Gogokhia,http://dbpedia.org/ontology/Person,"('http://dbpedia.org/ontology/currentMember', 57888)"
http://dbpedia.org/resource/Leaders_Not_Followers,http://dbpedia.org/ontology/producer,http://dbpedia.org/resource/Russ_Russell,http://dbpedia.org/ontology/Agent,"('http://dbpedia.org/ontology/producer', 29279)"
http://dbpedia.org/resource/Bohdan_Nedilsky__2,http://dbpedia.org/ontology/team,http://dbpedia.org/resource/Chicago_Kryla,http://dbpedia.org/ontology/SportsTeam,"('http://dbpedia.org/ontology/team', 76856)"
http://dbpedia.org/resource/Chris_Stainton,http://dbpedia.org/ontology/associatedMusicalArtist,http://dbpedia.org/resource/The_Alarm,http://dbpedia.org/ontology/MusicalArtist,"('http://dbpedia.org/ontology/associatedMusicalArtist', 43945)"
http://dbpedia.org/resource/Charles_Rocha,http://dbpedia.org/ontology/associatedBand,http://dbpedia.org/resource/That_Summer,http://dbpedia.org/ontology/Band,"('http://dbpedia.org/ontology/associatedBand', 29859)"
http://dbpedia.org/resource/Laura_Salguero__3,http://dbpedia.org/ontology/team,http://dbpedia.org/resource/EF_Madrid_Oeste,http://dbpedia.org/ontology/SportsTeam,"('http://dbpedia.org/ontology/team', 81944)"
http://dbpedia.org/resource/Harry_and_His_Bucket_Full_of_Dinosaurs,http://dbpedia.org/ontology/starring,http://dbpedia.org/resource/Ron_Rubin_(voice_actor),http://dbpedia.org/ontology/Actor,"('http://dbpedia.org/ontology/starring', 199397)"
http://dbpedia.org/resource/Dan_Turple,http://dbpedia.org/ontology/birthPlace,http://dbpedia.org/resource/Ontario,http://dbpedia.org/ontology/Place,"('http://dbpedia.org/ontology/birthPlace', 31357)"
http://dbpedia.org/resource/...So_Goes_the_Nation,http://dbpedia.org/ontology/producer,http://dbpedia.org/resource/Jun_Diaz,http://dbpedia.org/ontology/Agent,"('http://dbpedia.org/ontology/producer', 45006)"
http://dbpedia.org/resource/High_Park,http://dbpedia.org/ontology/location,http://dbpedia.org/resource/Ontario,http://dbpedia.org/ontology/Place,"('http://dbpedia.org/ontology/location', 1126)"
http://dbpedia.org/resource/Ali_Hanteh,http://dbpedia.org/ontology/managerClub,http://dbpedia.org/resource/Mehrkam_Pars_F.C.,http://dbpedia.org/ontology/SportsTeam,"('http://dbpedia.org/ontology/managerClub', 1667)"
http://dbpedia.org/resource/Magic_Villa,http://dbpedia.org/ontology/producer,http://dbpedia.org/resource/Thomas_Rusiak,http://dbpedia.org/ontology/Agent,"('http://dbpedia.org/ontology/producer', 16745)"
http://dbpedia.org/resource/Diusse,http://dbpedia.org/ontology/arrondissement,http://dbpedia.org/resource/Arrondissement_of_Pau,http://dbpedia.org/ontology/PopulatedPlace,"('http://dbpedia.org/ontology/arrondissement', 1377)"
http://dbpedia.org/resource/The_Informant_(1997_film),http://dbpedia.org/ontology/starring,http://dbpedia.org/resource/Timothy_Dalton,http://dbpedia.org/ontology/Actor,"('http://dbpedia.org/ontology/starring', 23963)"
http://dbpedia.org/resource/Remember_This%3F,http://dbpedia.org/ontology/company,http://dbpedia.org/resource/Sande_Stewart_Television,http://dbpedia.org/ontology/Organisation,"('http://dbpedia.org/ontology/company', 3124)"
http://dbpedia.org/resource/Yatel_F.C.__Kaisson_Maki__1,http://dbpedia.org/ontology/currentMember,http://dbpedia.org/resource/Kaisson_Maki,http://dbpedia.org/ontology/Person,"('http://dbpedia.org/ontology/currentMember', 34055)"
http://dbpedia.org/resource/Alpha_Protocol,http://dbpedia.org/ontology/genre,http://dbpedia.org/resource/Action_role-playing_game,http://dbpedia.org/ontology/Genre,"('http://dbpedia.org/ontology/genre', 94574)"
http://dbpedia.org/resource/Versailles_Saint-Quentin-en-Yvelines_University,http://dbpedia.org/ontology/city,http://dbpedia.org/resource/Saint-Quentin-en-Yvelines,http://dbpedia.org/ontology/City,"('http://dbpedia.org/ontology/city', 33585)"
